-- Generated from C:\Users\Admin\Downloads\products_export_1.csv on 2026-05-02.
-- Idempotent catalog sync: products by handle, variants by SKU, images refreshed per product.
begin;
insert into public.categories (slug, name, sort_order) values ('sarees', 'Sarees', 1), ('blouses', 'Blouses', 2) on conflict (slug) do nothing;

-- pure-matka-silk
insert into public.products (handle, title, description, short_description, category_id, fabric, technique, color, has_blouse_piece, status, price, compare_at_price, seo_title, seo_description, tags)
values ('pure-matka-silk', 'White Pure Matka Silk Saree With flower needlework', '<p><span>Elegant White Pure Matka Silk Saree with delicate flower needlework, blending timeless craftsmanship with modern grace. Perfect for festive wear, weddings, and special occasions. Shop premium handcrafted sarees at Korasutra.</span></p>
<p><span>Length is 6.3m with blouse piece </span></p>', 'Elegant White Pure Matka Silk Saree with delicate flower needlework, blending timeless craftsmanship with modern grace. Perfect for festive wear, weddings, and special occasions. S', (select id from public.categories where slug = 'sarees'), 'silk', null, 'white', true, 'active'::public.product_status, 13000.00, null, null, null, array[]::text[])
on conflict (handle) do update set title = excluded.title, description = excluded.description, short_description = excluded.short_description, category_id = excluded.category_id, fabric = excluded.fabric, technique = excluded.technique, color = excluded.color, has_blouse_piece = excluded.has_blouse_piece, status = excluded.status, price = excluded.price, compare_at_price = excluded.compare_at_price, seo_title = excluded.seo_title, seo_description = excluded.seo_description, tags = excluded.tags;
delete from public.product_images where product_id = (select id from public.products where handle = 'pure-matka-silk');
insert into public.product_images (product_id, url, alt_text, position) values ((select id from public.products where handle = 'pure-matka-silk'), 'https://cdn.shopify.com/s/files/1/0800/5258/4666/files/0E3676A2-0F1C-4F82-A1A2-69C3BEDB62EB.jpg?v=1772786133', 'White Pure Matka Silk Saree With flower needlework', 0);
insert into public.product_images (product_id, url, alt_text, position) values ((select id from public.products where handle = 'pure-matka-silk'), 'https://cdn.shopify.com/s/files/1/0800/5258/4666/files/FBAD55DA-CCD2-4CAE-9ADC-EE3B2886F9DB.jpg?v=1772786133', 'White Pure Matka Silk Saree With flower needlework', 1);
insert into public.product_images (product_id, url, alt_text, position) values ((select id from public.products where handle = 'pure-matka-silk'), 'https://cdn.shopify.com/s/files/1/0800/5258/4666/files/3C4A9E4D-5497-47FD-A479-4B158953B120.jpg?v=1772786134', 'White Pure Matka Silk Saree With flower needlework', 2);
insert into public.product_images (product_id, url, alt_text, position) values ((select id from public.products where handle = 'pure-matka-silk'), 'https://cdn.shopify.com/s/files/1/0800/5258/4666/files/10A17BAB-D69F-4900-8EAB-63F8F0339701.jpg?v=1772786134', 'White Pure Matka Silk Saree With flower needlework', 3);
insert into public.product_images (product_id, url, alt_text, position) values ((select id from public.products where handle = 'pure-matka-silk'), 'https://cdn.shopify.com/s/files/1/0800/5258/4666/files/8B8F4E19-EC43-4A35-9DE8-E6EFD1B7AE2D.jpg?v=1772786134', 'White Pure Matka Silk Saree With flower needlework', 4);
insert into public.product_variants (product_id, sku, title, option1_name, option1_value, option2_name, option2_value, price, compare_at_price, inventory_qty, track_inventory, position) values ((select id from public.products where handle = 'pure-matka-silk'), 'KS-PURE-MATKA-SILK-1', 'Default', null, null, null, null, 13000.00, null, 1, true, 0) on conflict (sku) do update set product_id = excluded.product_id, title = excluded.title, option1_name = excluded.option1_name, option1_value = excluded.option1_value, option2_name = excluded.option2_name, option2_value = excluded.option2_value, price = excluded.price, compare_at_price = excluded.compare_at_price, inventory_qty = excluded.inventory_qty, track_inventory = excluded.track_inventory, position = excluded.position;

-- yellow-pure-silk-block-print-saree-with-spiral-geometric-pattern-korasutra
insert into public.products (handle, title, description, short_description, category_id, fabric, technique, color, has_blouse_piece, status, price, compare_at_price, seo_title, seo_description, tags)
values ('yellow-pure-silk-block-print-saree-with-spiral-geometric-pattern-korasutra', 'Lemon Green Pure Silk Block Print Saree With Spiral Geometric Pattern', '<p><span>Shop Lemon Green Pure Silk Block Print Saree with spiral geometric pattern by Korasutra. Elegant, handcrafted design perfect for festive wear and timeless style.</span></p>
<p>Length is 6.25 m with blouse piece </p>', 'Shop Lemon Green Pure Silk Block Print Saree with spiral geometric pattern by Korasutra. Elegant, handcrafted design perfect for festive wear and timeless style.

Length is 6.25 m ', (select id from public.categories where slug = 'sarees'), 'silk', null, 'green', true, 'active'::public.product_status, 7250.00, null, null, null, array[]::text[])
on conflict (handle) do update set title = excluded.title, description = excluded.description, short_description = excluded.short_description, category_id = excluded.category_id, fabric = excluded.fabric, technique = excluded.technique, color = excluded.color, has_blouse_piece = excluded.has_blouse_piece, status = excluded.status, price = excluded.price, compare_at_price = excluded.compare_at_price, seo_title = excluded.seo_title, seo_description = excluded.seo_description, tags = excluded.tags;
delete from public.product_images where product_id = (select id from public.products where handle = 'yellow-pure-silk-block-print-saree-with-spiral-geometric-pattern-korasutra');
insert into public.product_images (product_id, url, alt_text, position) values ((select id from public.products where handle = 'yellow-pure-silk-block-print-saree-with-spiral-geometric-pattern-korasutra'), 'https://cdn.shopify.com/s/files/1/0800/5258/4666/files/04B895E1-C5D9-49C9-B20C-6987212DFBA0.jpg?v=1772363579', 'Lemon Green Pure Silk Block Print Saree With Spiral Geometric Pattern', 0);
insert into public.product_images (product_id, url, alt_text, position) values ((select id from public.products where handle = 'yellow-pure-silk-block-print-saree-with-spiral-geometric-pattern-korasutra'), 'https://cdn.shopify.com/s/files/1/0800/5258/4666/files/BF5A3B43-AF68-41A6-9EFF-D290A9518659.jpg?v=1772363581', 'Lemon Green Pure Silk Block Print Saree With Spiral Geometric Pattern', 1);
insert into public.product_images (product_id, url, alt_text, position) values ((select id from public.products where handle = 'yellow-pure-silk-block-print-saree-with-spiral-geometric-pattern-korasutra'), 'https://cdn.shopify.com/s/files/1/0800/5258/4666/files/189FA5BA-3B27-448F-BB20-E8ACC4B9851B.jpg?v=1772363579', 'Lemon Green Pure Silk Block Print Saree With Spiral Geometric Pattern', 2);
insert into public.product_variants (product_id, sku, title, option1_name, option1_value, option2_name, option2_value, price, compare_at_price, inventory_qty, track_inventory, position) values ((select id from public.products where handle = 'yellow-pure-silk-block-print-saree-with-spiral-geometric-pattern-korasutra'), 'KS-YELLOW-PURE-SILK-BLOCK-PRINT-SAREE-WITH-SPIRAL-GEOMETRIC-PATTERN-KORASUTRA-1', 'Default', null, null, null, null, 7250.00, null, 1, true, 0) on conflict (sku) do update set product_id = excluded.product_id, title = excluded.title, option1_name = excluded.option1_name, option1_value = excluded.option1_value, option2_name = excluded.option2_name, option2_value = excluded.option2_value, price = excluded.price, compare_at_price = excluded.compare_at_price, inventory_qty = excluded.inventory_qty, track_inventory = excluded.track_inventory, position = excluded.position;

-- black-copper-tissue-linen-zari-saree
insert into public.products (handle, title, description, short_description, category_id, fabric, technique, color, has_blouse_piece, status, price, compare_at_price, seo_title, seo_description, tags)
values ('black-copper-tissue-linen-zari-saree', 'Black Copper Tissue Linen Zari Saree', '<p><span>Elevate your ethnic style with this Black Copper Tissue Linen Zari Saree, featuring a luxurious sheen, elegant zari detailing, and lightweight comfort. Perfect for weddings, festive occasions, and special events, this premium saree blends traditional craftsmanship with modern sophistication for a timeless look.</span></p>
<p><span>Length is 6.5m with blouse piece </span></p>', 'Elevate your ethnic style with this Black Copper Tissue Linen Zari Saree, featuring a luxurious sheen, elegant zari detailing, and lightweight comfort. Perfect for weddings, festiv', (select id from public.categories where slug = 'sarees'), 'linen', null, 'black', true, 'active'::public.product_status, 4250.00, null, null, null, array[]::text[])
on conflict (handle) do update set title = excluded.title, description = excluded.description, short_description = excluded.short_description, category_id = excluded.category_id, fabric = excluded.fabric, technique = excluded.technique, color = excluded.color, has_blouse_piece = excluded.has_blouse_piece, status = excluded.status, price = excluded.price, compare_at_price = excluded.compare_at_price, seo_title = excluded.seo_title, seo_description = excluded.seo_description, tags = excluded.tags;
delete from public.product_images where product_id = (select id from public.products where handle = 'black-copper-tissue-linen-zari-saree');
insert into public.product_images (product_id, url, alt_text, position) values ((select id from public.products where handle = 'black-copper-tissue-linen-zari-saree'), 'https://cdn.shopify.com/s/files/1/0800/5258/4666/files/FullSizeRender_6f2a37da-af8f-4b1f-aa9b-d078fbe68f37.jpg?v=1771684678', 'Black Copper Tissue Linen Zari Saree', 0);
insert into public.product_images (product_id, url, alt_text, position) values ((select id from public.products where handle = 'black-copper-tissue-linen-zari-saree'), 'https://cdn.shopify.com/s/files/1/0800/5258/4666/files/BD1DFC4A-1E6E-42E5-AE88-3AAFC23F9018.jpg?v=1771684678', 'Black Copper Tissue Linen Zari Saree', 1);
insert into public.product_images (product_id, url, alt_text, position) values ((select id from public.products where handle = 'black-copper-tissue-linen-zari-saree'), 'https://cdn.shopify.com/s/files/1/0800/5258/4666/files/22970CB5-D906-460E-BC25-5EF63E93B71F.jpg?v=1771684678', 'Black Copper Tissue Linen Zari Saree', 2);
insert into public.product_images (product_id, url, alt_text, position) values ((select id from public.products where handle = 'black-copper-tissue-linen-zari-saree'), 'https://cdn.shopify.com/s/files/1/0800/5258/4666/files/D373E2D7-3DA5-4A06-8F27-A84F2671DC26.png?v=1771636642', 'Black Copper Tissue Linen Zari Saree', 3);
insert into public.product_images (product_id, url, alt_text, position) values ((select id from public.products where handle = 'black-copper-tissue-linen-zari-saree'), 'https://cdn.shopify.com/s/files/1/0800/5258/4666/files/25F24DC0-BDA9-41FA-AFAD-24E753C89768.jpg?v=1771636642', 'Black Copper Tissue Linen Zari Saree', 4);
insert into public.product_variants (product_id, sku, title, option1_name, option1_value, option2_name, option2_value, price, compare_at_price, inventory_qty, track_inventory, position) values ((select id from public.products where handle = 'black-copper-tissue-linen-zari-saree'), 'KS-BLACK-COPPER-TISSUE-LINEN-ZARI-SAREE-1', 'Default', null, null, null, null, 4250.00, null, 0, true, 0) on conflict (sku) do update set product_id = excluded.product_id, title = excluded.title, option1_name = excluded.option1_name, option1_value = excluded.option1_value, option2_name = excluded.option2_name, option2_value = excluded.option2_value, price = excluded.price, compare_at_price = excluded.compare_at_price, inventory_qty = excluded.inventory_qty, track_inventory = excluded.track_inventory, position = excluded.position;

-- maroon-linen-muslin-silk-saree-with-bird-motif-needlework-korasutra
insert into public.products (handle, title, description, short_description, category_id, fabric, technique, color, has_blouse_piece, status, price, compare_at_price, seo_title, seo_description, tags)
values ('maroon-linen-muslin-silk-saree-with-bird-motif-needlework-korasutra', 'Maroon Linen Muslin Silk Saree With Bird Motif Needlework', '<p><span>Elevate your elegance with the Maroon Linen Muslin Silk Saree from Korasutra, featuring exquisite bird motif needlework. Crafted from a luxurious linen muslin silk blend, this saree offers a graceful drape, rich texture, and timeless charm—perfect for festive occasions, celebrations, and sophisticated ethnic styling.</span></p>
<p><span>Length is 6.5m with blouse piece </span></p>', 'Elevate your elegance with the Maroon Linen Muslin Silk Saree from Korasutra, featuring exquisite bird motif needlework. Crafted from a luxurious linen muslin silk blend, this sare', (select id from public.categories where slug = 'sarees'), 'silk-linen', null, 'maroon', true, 'active'::public.product_status, 9750.00, null, null, null, array[]::text[])
on conflict (handle) do update set title = excluded.title, description = excluded.description, short_description = excluded.short_description, category_id = excluded.category_id, fabric = excluded.fabric, technique = excluded.technique, color = excluded.color, has_blouse_piece = excluded.has_blouse_piece, status = excluded.status, price = excluded.price, compare_at_price = excluded.compare_at_price, seo_title = excluded.seo_title, seo_description = excluded.seo_description, tags = excluded.tags;
delete from public.product_images where product_id = (select id from public.products where handle = 'maroon-linen-muslin-silk-saree-with-bird-motif-needlework-korasutra');
insert into public.product_images (product_id, url, alt_text, position) values ((select id from public.products where handle = 'maroon-linen-muslin-silk-saree-with-bird-motif-needlework-korasutra'), 'https://cdn.shopify.com/s/files/1/0800/5258/4666/files/FullSizeRender_93541d7c-147e-4b78-bcdf-6b774e7abba1.jpg?v=1771696900', 'Maroon Linen Muslin Silk Saree With Bird Motif Needlework', 0);
insert into public.product_images (product_id, url, alt_text, position) values ((select id from public.products where handle = 'maroon-linen-muslin-silk-saree-with-bird-motif-needlework-korasutra'), 'https://cdn.shopify.com/s/files/1/0800/5258/4666/files/FullSizeRender_7d85cd0c-99d0-46f0-a0b4-747ec86d4915.jpg?v=1771696900', 'Maroon Linen Muslin Silk Saree With Bird Motif Needlework', 1);
insert into public.product_images (product_id, url, alt_text, position) values ((select id from public.products where handle = 'maroon-linen-muslin-silk-saree-with-bird-motif-needlework-korasutra'), 'https://cdn.shopify.com/s/files/1/0800/5258/4666/files/D9F3B200-C1C5-42AE-A216-F9998F09E532.png?v=1771696900', 'Maroon Linen Muslin Silk Saree With Bird Motif Needlework', 2);
insert into public.product_images (product_id, url, alt_text, position) values ((select id from public.products where handle = 'maroon-linen-muslin-silk-saree-with-bird-motif-needlework-korasutra'), 'https://cdn.shopify.com/s/files/1/0800/5258/4666/files/006C52AF-053E-4B28-9978-1F8C61657B9A.jpg?v=1771637075', 'Maroon Linen Muslin Silk Saree With Bird Motif Needlework', 3);
insert into public.product_images (product_id, url, alt_text, position) values ((select id from public.products where handle = 'maroon-linen-muslin-silk-saree-with-bird-motif-needlework-korasutra'), 'https://cdn.shopify.com/s/files/1/0800/5258/4666/files/00601386-D513-4271-9047-FBB9EBF4FDCA.jpg?v=1771637075', 'Maroon Linen Muslin Silk Saree With Bird Motif Needlework', 4);
insert into public.product_variants (product_id, sku, title, option1_name, option1_value, option2_name, option2_value, price, compare_at_price, inventory_qty, track_inventory, position) values ((select id from public.products where handle = 'maroon-linen-muslin-silk-saree-with-bird-motif-needlework-korasutra'), 'KS-MAROON-LINEN-MUSLIN-SILK-SAREE-WITH-BIRD-MOTIF-NEEDLEWORK-KORASUTRA-1', 'Default', null, null, null, null, 9750.00, null, 0, true, 0) on conflict (sku) do update set product_id = excluded.product_id, title = excluded.title, option1_name = excluded.option1_name, option1_value = excluded.option1_value, option2_name = excluded.option2_name, option2_value = excluded.option2_value, price = excluded.price, compare_at_price = excluded.compare_at_price, inventory_qty = excluded.inventory_qty, track_inventory = excluded.track_inventory, position = excluded.position;

-- white-and-pink-hand-paint-on-tussar-saree-with-flower-motifs-korasutra
insert into public.products (handle, title, description, short_description, category_id, fabric, technique, color, has_blouse_piece, status, price, compare_at_price, seo_title, seo_description, tags)
values ('white-and-pink-hand-paint-on-tussar-saree-with-flower-motifs-korasutra', 'White And Pink Hand Paint On Tussar Saree with Flower Motifs', '<p><span>Elegant and timeless, this White and Pink Hand Painted Tussar Saree by Korasutra features delicate floral motifs crafted by skilled artisans. Made from premium Tussar silk, it offers a rich texture, lightweight comfort, and graceful drape—perfect for festive occasions, celebrations, and ethnic styling.</span></p>
<p><span>Length is 6.5m with blouse piece </span></p>', 'Elegant and timeless, this White and Pink Hand Painted Tussar Saree by Korasutra features delicate floral motifs crafted by skilled artisans. Made from premium Tussar silk, it offe', (select id from public.categories where slug = 'sarees'), 'tussar', null, 'white; pink', true, 'active'::public.product_status, 9500.00, null, null, null, array[]::text[])
on conflict (handle) do update set title = excluded.title, description = excluded.description, short_description = excluded.short_description, category_id = excluded.category_id, fabric = excluded.fabric, technique = excluded.technique, color = excluded.color, has_blouse_piece = excluded.has_blouse_piece, status = excluded.status, price = excluded.price, compare_at_price = excluded.compare_at_price, seo_title = excluded.seo_title, seo_description = excluded.seo_description, tags = excluded.tags;
delete from public.product_images where product_id = (select id from public.products where handle = 'white-and-pink-hand-paint-on-tussar-saree-with-flower-motifs-korasutra');
insert into public.product_images (product_id, url, alt_text, position) values ((select id from public.products where handle = 'white-and-pink-hand-paint-on-tussar-saree-with-flower-motifs-korasutra'), 'https://cdn.shopify.com/s/files/1/0800/5258/4666/files/7B5D4519-E68A-4432-B76F-70EBD55F8AF1.jpg?v=1771635283', 'White And Pink Hand Paint On Tussar Saree with Flower Motifs', 0);
insert into public.product_images (product_id, url, alt_text, position) values ((select id from public.products where handle = 'white-and-pink-hand-paint-on-tussar-saree-with-flower-motifs-korasutra'), 'https://cdn.shopify.com/s/files/1/0800/5258/4666/files/85194A02-DD41-4DCA-98A7-02D6B0CD0239.jpg?v=1771635283', 'White And Pink Hand Paint On Tussar Saree with Flower Motifs', 1);
insert into public.product_images (product_id, url, alt_text, position) values ((select id from public.products where handle = 'white-and-pink-hand-paint-on-tussar-saree-with-flower-motifs-korasutra'), 'https://cdn.shopify.com/s/files/1/0800/5258/4666/files/25DCBE2F-A19C-4E6C-98C8-72CD7344AA4C.jpg?v=1771635283', 'White And Pink Hand Paint On Tussar Saree with Flower Motifs', 2);
insert into public.product_images (product_id, url, alt_text, position) values ((select id from public.products where handle = 'white-and-pink-hand-paint-on-tussar-saree-with-flower-motifs-korasutra'), 'https://cdn.shopify.com/s/files/1/0800/5258/4666/files/E7D8DD8C-25CD-493D-9080-F2E194B459F6.jpg?v=1771635283', 'White And Pink Hand Paint On Tussar Saree with Flower Motifs', 3);
insert into public.product_images (product_id, url, alt_text, position) values ((select id from public.products where handle = 'white-and-pink-hand-paint-on-tussar-saree-with-flower-motifs-korasutra'), 'https://cdn.shopify.com/s/files/1/0800/5258/4666/files/7DD5D382-8670-4CE2-82E6-F9589EFEC5A0.jpg?v=1771635283', 'White And Pink Hand Paint On Tussar Saree with Flower Motifs', 4);
insert into public.product_variants (product_id, sku, title, option1_name, option1_value, option2_name, option2_value, price, compare_at_price, inventory_qty, track_inventory, position) values ((select id from public.products where handle = 'white-and-pink-hand-paint-on-tussar-saree-with-flower-motifs-korasutra'), 'KS-WHITE-AND-PINK-HAND-PAINT-ON-TUSSAR-SAREE-WITH-FLOWER-MOTIFS-KORASUTRA-1', 'Default', null, null, null, null, 9500.00, null, 0, true, 0) on conflict (sku) do update set product_id = excluded.product_id, title = excluded.title, option1_name = excluded.option1_name, option1_value = excluded.option1_value, option2_name = excluded.option2_name, option2_value = excluded.option2_value, price = excluded.price, compare_at_price = excluded.compare_at_price, inventory_qty = excluded.inventory_qty, track_inventory = excluded.track_inventory, position = excluded.position;

-- green-and-pink-pure-bishnupuri-silk-hand-print-batik-saree-with-leaf-motif-korasutra
insert into public.products (handle, title, description, short_description, category_id, fabric, technique, color, has_blouse_piece, status, price, compare_at_price, seo_title, seo_description, tags)
values ('green-and-pink-pure-bishnupuri-silk-hand-print-batik-saree-with-leaf-motif-korasutra', 'Green And Pink Pure Bishnupuri Silk Hand Print Batik Saree With Leaf Motif', '<p><span>Shop Green &amp; Pink Pure Bishnupuri Silk Hand Print Batik Saree with elegant leaf motif by Korasutra. Premium silk, traditional craftsmanship, perfect for festive wear.</span></p>
<p><span>Length is 6.25m with blouse piece </span></p>', 'Shop Green & Pink Pure Bishnupuri Silk Hand Print Batik Saree with elegant leaf motif by Korasutra. Premium silk, traditional craftsmanship, perfect for festive wear.

Length is 6.', (select id from public.categories where slug = 'sarees'), 'silk', null, 'pink; green; purple', true, 'active'::public.product_status, 9000.00, null, null, null, array[]::text[])
on conflict (handle) do update set title = excluded.title, description = excluded.description, short_description = excluded.short_description, category_id = excluded.category_id, fabric = excluded.fabric, technique = excluded.technique, color = excluded.color, has_blouse_piece = excluded.has_blouse_piece, status = excluded.status, price = excluded.price, compare_at_price = excluded.compare_at_price, seo_title = excluded.seo_title, seo_description = excluded.seo_description, tags = excluded.tags;
delete from public.product_images where product_id = (select id from public.products where handle = 'green-and-pink-pure-bishnupuri-silk-hand-print-batik-saree-with-leaf-motif-korasutra');
insert into public.product_images (product_id, url, alt_text, position) values ((select id from public.products where handle = 'green-and-pink-pure-bishnupuri-silk-hand-print-batik-saree-with-leaf-motif-korasutra'), 'https://cdn.shopify.com/s/files/1/0800/5258/4666/files/21546372-458B-4E32-AEEA-DF5939777038.jpg?v=1771729489', 'Green And Pink Pure Bishnupuri Silk Hand Print Batik Saree With Leaf Motif', 0);
insert into public.product_images (product_id, url, alt_text, position) values ((select id from public.products where handle = 'green-and-pink-pure-bishnupuri-silk-hand-print-batik-saree-with-leaf-motif-korasutra'), 'https://cdn.shopify.com/s/files/1/0800/5258/4666/files/61360228-7000-4261-B53A-51DBB22F3DFC.jpg?v=1771729489', 'Green And Pink Pure Bishnupuri Silk Hand Print Batik Saree With Leaf Motif', 1);
insert into public.product_images (product_id, url, alt_text, position) values ((select id from public.products where handle = 'green-and-pink-pure-bishnupuri-silk-hand-print-batik-saree-with-leaf-motif-korasutra'), 'https://cdn.shopify.com/s/files/1/0800/5258/4666/files/FullSizeRender_76d0470d-c2ec-4e94-9f25-1836e1045073.jpg?v=1771729489', 'Green And Pink Pure Bishnupuri Silk Hand Print Batik Saree With Leaf Motif', 2);
insert into public.product_images (product_id, url, alt_text, position) values ((select id from public.products where handle = 'green-and-pink-pure-bishnupuri-silk-hand-print-batik-saree-with-leaf-motif-korasutra'), 'https://cdn.shopify.com/s/files/1/0800/5258/4666/files/216CD497-4F29-4BEA-AFB6-3A8D2B499BED.jpg?v=1771638788', 'Green And Pink Pure Bishnupuri Silk Hand Print Batik Saree With Leaf Motif', 3);
insert into public.product_images (product_id, url, alt_text, position) values ((select id from public.products where handle = 'green-and-pink-pure-bishnupuri-silk-hand-print-batik-saree-with-leaf-motif-korasutra'), 'https://cdn.shopify.com/s/files/1/0800/5258/4666/files/265B8C95-1D00-495A-B560-E7E0EAA57755.jpg?v=1771638788', 'Green And Pink Pure Bishnupuri Silk Hand Print Batik Saree With Leaf Motif', 4);
insert into public.product_variants (product_id, sku, title, option1_name, option1_value, option2_name, option2_value, price, compare_at_price, inventory_qty, track_inventory, position) values ((select id from public.products where handle = 'green-and-pink-pure-bishnupuri-silk-hand-print-batik-saree-with-leaf-motif-korasutra'), 'KS-GREEN-AND-PINK-PURE-BISHNUPURI-SILK-HAND-PRINT-BATIK-SAREE-WITH-LEAF-MOTIF-KORASUTRA-1', 'Default', null, null, null, null, 9000.00, null, 1, true, 0) on conflict (sku) do update set product_id = excluded.product_id, title = excluded.title, option1_name = excluded.option1_name, option1_value = excluded.option1_value, option2_name = excluded.option2_name, option2_value = excluded.option2_value, price = excluded.price, compare_at_price = excluded.compare_at_price, inventory_qty = excluded.inventory_qty, track_inventory = excluded.track_inventory, position = excluded.position;

-- untitled-feb11_22-30
insert into public.products (handle, title, description, short_description, category_id, fabric, technique, color, has_blouse_piece, status, price, compare_at_price, seo_title, seo_description, tags)
values ('untitled-feb11_22-30', 'Blue And Rust Tussar Block Print Saree With Tree Motif Patli Paluu', '<p><span>Shop Blue and Rust Tussar Block Print Saree with Tree Motif by Korasutra. Handcrafted elegance in pure Tussar silk for festive and ethnic wear.</span></p>
<p><span>Length is 6.5m with blouse piece </span></p>', 'Shop Blue and Rust Tussar Block Print Saree with Tree Motif by Korasutra. Handcrafted elegance in pure Tussar silk for festive and ethnic wear.

Length is 6.5m with blouse piece', (select id from public.categories where slug = 'sarees'), 'tussar', null, 'blue; rust', true, 'active'::public.product_status, 9750.00, null, null, null, array[]::text[])
on conflict (handle) do update set title = excluded.title, description = excluded.description, short_description = excluded.short_description, category_id = excluded.category_id, fabric = excluded.fabric, technique = excluded.technique, color = excluded.color, has_blouse_piece = excluded.has_blouse_piece, status = excluded.status, price = excluded.price, compare_at_price = excluded.compare_at_price, seo_title = excluded.seo_title, seo_description = excluded.seo_description, tags = excluded.tags;
delete from public.product_images where product_id = (select id from public.products where handle = 'untitled-feb11_22-30');
insert into public.product_images (product_id, url, alt_text, position) values ((select id from public.products where handle = 'untitled-feb11_22-30'), 'https://cdn.shopify.com/s/files/1/0800/5258/4666/files/F3F845A8-CA1D-4EA6-95D0-2C28E41587F4.jpg?v=1770829293', 'Blue And Rust Tussar Block Print Saree With Tree Motif Patli Paluu', 0);
insert into public.product_images (product_id, url, alt_text, position) values ((select id from public.products where handle = 'untitled-feb11_22-30'), 'https://cdn.shopify.com/s/files/1/0800/5258/4666/files/15D79BA5-AE60-4738-B1AB-6F1853DCE4D8.jpg?v=1770829292', 'Blue And Rust Tussar Block Print Saree With Tree Motif Patli Paluu', 1);
insert into public.product_images (product_id, url, alt_text, position) values ((select id from public.products where handle = 'untitled-feb11_22-30'), 'https://cdn.shopify.com/s/files/1/0800/5258/4666/files/4EB793DD-0BBA-449D-A832-0D7E3A746413.jpg?v=1770829293', 'Blue And Rust Tussar Block Print Saree With Tree Motif Patli Paluu', 2);
insert into public.product_images (product_id, url, alt_text, position) values ((select id from public.products where handle = 'untitled-feb11_22-30'), 'https://cdn.shopify.com/s/files/1/0800/5258/4666/files/A23E14A5-369C-4964-B56E-25E3268919D3.jpg?v=1770829293', 'Blue And Rust Tussar Block Print Saree With Tree Motif Patli Paluu', 3);
insert into public.product_images (product_id, url, alt_text, position) values ((select id from public.products where handle = 'untitled-feb11_22-30'), 'https://cdn.shopify.com/s/files/1/0800/5258/4666/files/4C1CB936-80B1-403C-AECE-7061A0E2B6F7.jpg?v=1770829294', 'Blue And Rust Tussar Block Print Saree With Tree Motif Patli Paluu', 4);
insert into public.product_variants (product_id, sku, title, option1_name, option1_value, option2_name, option2_value, price, compare_at_price, inventory_qty, track_inventory, position) values ((select id from public.products where handle = 'untitled-feb11_22-30'), 'KS-UNTITLED-FEB11-22-30-1', 'Default', null, null, null, null, 9750.00, null, 0, true, 0) on conflict (sku) do update set product_id = excluded.product_id, title = excluded.title, option1_name = excluded.option1_name, option1_value = excluded.option1_value, option2_name = excluded.option2_name, option2_value = excluded.option2_value, price = excluded.price, compare_at_price = excluded.compare_at_price, inventory_qty = excluded.inventory_qty, track_inventory = excluded.track_inventory, position = excluded.position;

-- blue-and-green-pure-silk-block-print-saree-with-leaf-motif-korasutra
insert into public.products (handle, title, description, short_description, category_id, fabric, technique, color, has_blouse_piece, status, price, compare_at_price, seo_title, seo_description, tags)
values ('blue-and-green-pure-silk-block-print-saree-with-leaf-motif-korasutra', 'Blue And Green Pure Silk Block Print Saree With Leaf Motif Half & Half', '<p><span>Shop Blue and Green Pure Silk Block Print Saree with Leaf Motif by Korasutra. Handcrafted elegance in luxurious silk—perfect for festive and special occasions.</span></p>
<p><span>Length is 6.5m with blouse piece </span></p>', 'Shop Blue and Green Pure Silk Block Print Saree with Leaf Motif by Korasutra. Handcrafted elegance in luxurious silk—perfect for festive and special occasions.

Length is 6.5m with', (select id from public.categories where slug = 'sarees'), 'silk', null, 'blue; green', true, 'active'::public.product_status, 7250.00, null, null, null, array[]::text[])
on conflict (handle) do update set title = excluded.title, description = excluded.description, short_description = excluded.short_description, category_id = excluded.category_id, fabric = excluded.fabric, technique = excluded.technique, color = excluded.color, has_blouse_piece = excluded.has_blouse_piece, status = excluded.status, price = excluded.price, compare_at_price = excluded.compare_at_price, seo_title = excluded.seo_title, seo_description = excluded.seo_description, tags = excluded.tags;
delete from public.product_images where product_id = (select id from public.products where handle = 'blue-and-green-pure-silk-block-print-saree-with-leaf-motif-korasutra');
insert into public.product_images (product_id, url, alt_text, position) values ((select id from public.products where handle = 'blue-and-green-pure-silk-block-print-saree-with-leaf-motif-korasutra'), 'https://cdn.shopify.com/s/files/1/0800/5258/4666/files/FullSizeRender_4b84b2a7-c081-46de-8699-231b7d25ddd4.jpg?v=1770829059', 'Blue And Green Pure Silk Block Print Saree With Leaf Motif Half & Half', 0);
insert into public.product_images (product_id, url, alt_text, position) values ((select id from public.products where handle = 'blue-and-green-pure-silk-block-print-saree-with-leaf-motif-korasutra'), 'https://cdn.shopify.com/s/files/1/0800/5258/4666/files/FullSizeRender_95073d5a-31e1-4597-8612-e29091edaf6c.jpg?v=1770829059', 'Blue And Green Pure Silk Block Print Saree With Leaf Motif Half & Half', 1);
insert into public.product_images (product_id, url, alt_text, position) values ((select id from public.products where handle = 'blue-and-green-pure-silk-block-print-saree-with-leaf-motif-korasutra'), 'https://cdn.shopify.com/s/files/1/0800/5258/4666/files/FullSizeRender_b9f8c8f1-bc2e-42ca-9e18-41c6d39f3854.jpg?v=1770828992', 'Blue And Green Pure Silk Block Print Saree With Leaf Motif Half & Half', 2);
insert into public.product_images (product_id, url, alt_text, position) values ((select id from public.products where handle = 'blue-and-green-pure-silk-block-print-saree-with-leaf-motif-korasutra'), 'https://cdn.shopify.com/s/files/1/0800/5258/4666/files/IMG-9396.jpg?v=1770828992', 'Blue And Green Pure Silk Block Print Saree With Leaf Motif Half & Half', 3);
insert into public.product_images (product_id, url, alt_text, position) values ((select id from public.products where handle = 'blue-and-green-pure-silk-block-print-saree-with-leaf-motif-korasutra'), 'https://cdn.shopify.com/s/files/1/0800/5258/4666/files/IMG-9397.jpg?v=1770828993', 'Blue And Green Pure Silk Block Print Saree With Leaf Motif Half & Half', 4);
insert into public.product_variants (product_id, sku, title, option1_name, option1_value, option2_name, option2_value, price, compare_at_price, inventory_qty, track_inventory, position) values ((select id from public.products where handle = 'blue-and-green-pure-silk-block-print-saree-with-leaf-motif-korasutra'), 'KS-BLUE-AND-GREEN-PURE-SILK-BLOCK-PRINT-SAREE-WITH-LEAF-MOTIF-KORASUTRA-1', 'Default', null, null, null, null, 7250.00, null, 0, true, 0) on conflict (sku) do update set product_id = excluded.product_id, title = excluded.title, option1_name = excluded.option1_name, option1_value = excluded.option1_value, option2_name = excluded.option2_name, option2_value = excluded.option2_value, price = excluded.price, compare_at_price = excluded.compare_at_price, inventory_qty = excluded.inventory_qty, track_inventory = excluded.track_inventory, position = excluded.position;

-- xx
insert into public.products (handle, title, description, short_description, category_id, fabric, technique, color, has_blouse_piece, status, price, compare_at_price, seo_title, seo_description, tags)
values ('xx', 'Grey Blue Dual Tone Blended Silk Kantha Stitch Flower Motif', '<p><span>Shop Grey Blue Dual Tone Blended Silk saree with Kantha stitch flower motifs at Korasutra. Elegant handcrafted design perfect for festive and special occasions.</span></p>
<p><span>Length is 6.5m with blouse piece </span></p>', 'Shop Grey Blue Dual Tone Blended Silk saree with Kantha stitch flower motifs at Korasutra. Elegant handcrafted design perfect for festive and special occasions.

Length is 6.5m wit', (select id from public.categories where slug = 'sarees'), 'blended-silk', null, 'blue; grey', true, 'active'::public.product_status, 6600.00, null, null, null, array[]::text[])
on conflict (handle) do update set title = excluded.title, description = excluded.description, short_description = excluded.short_description, category_id = excluded.category_id, fabric = excluded.fabric, technique = excluded.technique, color = excluded.color, has_blouse_piece = excluded.has_blouse_piece, status = excluded.status, price = excluded.price, compare_at_price = excluded.compare_at_price, seo_title = excluded.seo_title, seo_description = excluded.seo_description, tags = excluded.tags;
delete from public.product_images where product_id = (select id from public.products where handle = 'xx');
insert into public.product_images (product_id, url, alt_text, position) values ((select id from public.products where handle = 'xx'), 'https://cdn.shopify.com/s/files/1/0800/5258/4666/files/362BCF54-4953-49AB-A260-8FAA87B8EF8D.jpg?v=1770809119', 'Grey Blue Dual Tone Blended Silk Kantha Stitch Flower Motif', 0);
insert into public.product_images (product_id, url, alt_text, position) values ((select id from public.products where handle = 'xx'), 'https://cdn.shopify.com/s/files/1/0800/5258/4666/files/5030890C-4953-4AFC-BE9A-DF6083D72596.jpg?v=1770809118', 'Grey Blue Dual Tone Blended Silk Kantha Stitch Flower Motif', 1);
insert into public.product_images (product_id, url, alt_text, position) values ((select id from public.products where handle = 'xx'), 'https://cdn.shopify.com/s/files/1/0800/5258/4666/files/A2C77EE7-1C06-4928-B6A8-C5E54A0E9B32.png?v=1770809119', 'Grey Blue Dual Tone Blended Silk Kantha Stitch Flower Motif', 2);
insert into public.product_images (product_id, url, alt_text, position) values ((select id from public.products where handle = 'xx'), 'https://cdn.shopify.com/s/files/1/0800/5258/4666/files/9F689453-3D52-4744-934B-896AA0927EE5.jpg?v=1770809119', 'Grey Blue Dual Tone Blended Silk Kantha Stitch Flower Motif', 3);
insert into public.product_images (product_id, url, alt_text, position) values ((select id from public.products where handle = 'xx'), 'https://cdn.shopify.com/s/files/1/0800/5258/4666/files/F5527BBC-7115-40F1-873E-7991FF0877BC.jpg?v=1770809122', 'Grey Blue Dual Tone Blended Silk Kantha Stitch Flower Motif', 4);
insert into public.product_variants (product_id, sku, title, option1_name, option1_value, option2_name, option2_value, price, compare_at_price, inventory_qty, track_inventory, position) values ((select id from public.products where handle = 'xx'), 'KS-XX-1', 'Default', null, null, null, null, 6600.00, null, 1, true, 0) on conflict (sku) do update set product_id = excluded.product_id, title = excluded.title, option1_name = excluded.option1_name, option1_value = excluded.option1_value, option2_name = excluded.option2_name, option2_value = excluded.option2_value, price = excluded.price, compare_at_price = excluded.compare_at_price, inventory_qty = excluded.inventory_qty, track_inventory = excluded.track_inventory, position = excluded.position;

-- cream-pure-silk-kantha-stitch-with-warli-threadwork-korasutra
insert into public.products (handle, title, description, short_description, category_id, fabric, technique, color, has_blouse_piece, status, price, compare_at_price, seo_title, seo_description, tags)
values ('cream-pure-silk-kantha-stitch-with-warli-threadwork-korasutra', 'Cream Pure Silk Kantha Stitch With Warli Threadwork', '<p><span>Discover Cream Pure Silk Kantha Stitch saree with exquisite Warli threadwork by Korasutra. A handcrafted masterpiece blending tribal artistry with timeless silk elegance.</span></p>
<p><span>Length 6.5m with blouse piece</span></p>', 'Discover Cream Pure Silk Kantha Stitch saree with exquisite Warli threadwork by Korasutra. A handcrafted masterpiece blending tribal artistry with timeless silk elegance.

Length 6', (select id from public.categories where slug = 'sarees'), 'silk', null, 'cream', true, 'active'::public.product_status, 13725.00, null, null, null, array[]::text[])
on conflict (handle) do update set title = excluded.title, description = excluded.description, short_description = excluded.short_description, category_id = excluded.category_id, fabric = excluded.fabric, technique = excluded.technique, color = excluded.color, has_blouse_piece = excluded.has_blouse_piece, status = excluded.status, price = excluded.price, compare_at_price = excluded.compare_at_price, seo_title = excluded.seo_title, seo_description = excluded.seo_description, tags = excluded.tags;
delete from public.product_images where product_id = (select id from public.products where handle = 'cream-pure-silk-kantha-stitch-with-warli-threadwork-korasutra');
insert into public.product_images (product_id, url, alt_text, position) values ((select id from public.products where handle = 'cream-pure-silk-kantha-stitch-with-warli-threadwork-korasutra'), 'https://cdn.shopify.com/s/files/1/0800/5258/4666/files/C0CD2C43-D8A5-4AC0-B546-A9AFA74988D4.jpg?v=1770808685', 'Cream Pure Silk Kantha Stitch With Warli Threadwork', 0);
insert into public.product_images (product_id, url, alt_text, position) values ((select id from public.products where handle = 'cream-pure-silk-kantha-stitch-with-warli-threadwork-korasutra'), 'https://cdn.shopify.com/s/files/1/0800/5258/4666/files/E7891EA3-D266-4EAF-9587-47A464DBCFA3.jpg?v=1770808686', 'Cream Pure Silk Kantha Stitch With Warli Threadwork', 1);
insert into public.product_images (product_id, url, alt_text, position) values ((select id from public.products where handle = 'cream-pure-silk-kantha-stitch-with-warli-threadwork-korasutra'), 'https://cdn.shopify.com/s/files/1/0800/5258/4666/files/BEC66567-EA21-401D-A8B9-6FC59F7721CF.jpg?v=1770808686', 'Cream Pure Silk Kantha Stitch With Warli Threadwork', 2);
insert into public.product_images (product_id, url, alt_text, position) values ((select id from public.products where handle = 'cream-pure-silk-kantha-stitch-with-warli-threadwork-korasutra'), 'https://cdn.shopify.com/s/files/1/0800/5258/4666/files/2B3AEDA3-D73A-4AF7-8550-65306CB26466.jpg?v=1770808686', 'Cream Pure Silk Kantha Stitch With Warli Threadwork', 3);
insert into public.product_images (product_id, url, alt_text, position) values ((select id from public.products where handle = 'cream-pure-silk-kantha-stitch-with-warli-threadwork-korasutra'), 'https://cdn.shopify.com/s/files/1/0800/5258/4666/files/8CC7E47B-2E03-4AFA-9462-3579E10E15A0.jpg?v=1770808685', 'Cream Pure Silk Kantha Stitch With Warli Threadwork', 4);
insert into public.product_variants (product_id, sku, title, option1_name, option1_value, option2_name, option2_value, price, compare_at_price, inventory_qty, track_inventory, position) values ((select id from public.products where handle = 'cream-pure-silk-kantha-stitch-with-warli-threadwork-korasutra'), 'KS-CREAM-PURE-SILK-KANTHA-STITCH-WITH-WARLI-THREADWORK-KORASUTRA-1', 'Default', null, null, null, null, 13725.00, null, 1, true, 0) on conflict (sku) do update set product_id = excluded.product_id, title = excluded.title, option1_name = excluded.option1_name, option1_value = excluded.option1_value, option2_name = excluded.option2_name, option2_value = excluded.option2_value, price = excluded.price, compare_at_price = excluded.compare_at_price, inventory_qty = excluded.inventory_qty, track_inventory = excluded.track_inventory, position = excluded.position;

-- green-tussar-saree-with-floral-motif-korasutra
insert into public.products (handle, title, description, short_description, category_id, fabric, technique, color, has_blouse_piece, status, price, compare_at_price, seo_title, seo_description, tags)
values ('green-tussar-saree-with-floral-motif-korasutra', 'Green Tussar Jamdani Saree With Floral Motif Needlework', '<p><span> </span></p>
<p><span>Elevate your ethnic wardrobe with this exquisite Green Tussar Jamdani Saree, meticulously handcrafted to celebrate timeless Indian artistry. Woven from premium Tussar silk, the saree showcases the signature Jamdani weaving technique, enhanced with delicate floral motif needlework that adds depth, texture, and refined elegance.</span></p>
<p><span>Length 6.25m with blouse piece</span></p>
<p><span> </span></p>', 'Elevate your ethnic wardrobe with this exquisite Green Tussar Jamdani Saree, meticulously handcrafted to celebrate timeless Indian artistry. Woven from premium Tussar silk, the sar', (select id from public.categories where slug = 'sarees'), 'tussar', null, 'green', true, 'active'::public.product_status, 13250.00, null, null, null, array[]::text[])
on conflict (handle) do update set title = excluded.title, description = excluded.description, short_description = excluded.short_description, category_id = excluded.category_id, fabric = excluded.fabric, technique = excluded.technique, color = excluded.color, has_blouse_piece = excluded.has_blouse_piece, status = excluded.status, price = excluded.price, compare_at_price = excluded.compare_at_price, seo_title = excluded.seo_title, seo_description = excluded.seo_description, tags = excluded.tags;
delete from public.product_images where product_id = (select id from public.products where handle = 'green-tussar-saree-with-floral-motif-korasutra');
insert into public.product_images (product_id, url, alt_text, position) values ((select id from public.products where handle = 'green-tussar-saree-with-floral-motif-korasutra'), 'https://cdn.shopify.com/s/files/1/0800/5258/4666/files/EDD5F80C-0398-4F4B-AE05-4C32CB4A57AA.jpg?v=1770118093', 'Green Tussar Jamdani Saree With Floral Motif Needlework', 0);
insert into public.product_images (product_id, url, alt_text, position) values ((select id from public.products where handle = 'green-tussar-saree-with-floral-motif-korasutra'), 'https://cdn.shopify.com/s/files/1/0800/5258/4666/files/07D0DACD-A5E9-4FCD-B711-F7A9AC5E2AEF.jpg?v=1770118093', 'Green Tussar Jamdani Saree With Floral Motif Needlework', 1);
insert into public.product_images (product_id, url, alt_text, position) values ((select id from public.products where handle = 'green-tussar-saree-with-floral-motif-korasutra'), 'https://cdn.shopify.com/s/files/1/0800/5258/4666/files/6FBE82F1-B9F4-454A-B417-7164A5D29C35.jpg?v=1770118093', 'Green Tussar Jamdani Saree With Floral Motif Needlework', 2);
insert into public.product_images (product_id, url, alt_text, position) values ((select id from public.products where handle = 'green-tussar-saree-with-floral-motif-korasutra'), 'https://cdn.shopify.com/s/files/1/0800/5258/4666/files/A5173E8E-4E5A-4BCB-AB34-D1D949C47439.jpg?v=1770118093', 'Green Tussar Jamdani Saree With Floral Motif Needlework', 3);
insert into public.product_images (product_id, url, alt_text, position) values ((select id from public.products where handle = 'green-tussar-saree-with-floral-motif-korasutra'), 'https://cdn.shopify.com/s/files/1/0800/5258/4666/files/60AE2541-96F2-46F4-A036-4F2AD9C75F52.jpg?v=1770118094', 'Green Tussar Jamdani Saree With Floral Motif Needlework', 4);
insert into public.product_variants (product_id, sku, title, option1_name, option1_value, option2_name, option2_value, price, compare_at_price, inventory_qty, track_inventory, position) values ((select id from public.products where handle = 'green-tussar-saree-with-floral-motif-korasutra'), 'KS-GREEN-TUSSAR-SAREE-WITH-FLORAL-MOTIF-KORASUTRA-1', 'Default', null, null, null, null, 13250.00, null, 0, true, 0) on conflict (sku) do update set product_id = excluded.product_id, title = excluded.title, option1_name = excluded.option1_name, option1_value = excluded.option1_value, option2_name = excluded.option2_name, option2_value = excluded.option2_value, price = excluded.price, compare_at_price = excluded.compare_at_price, inventory_qty = excluded.inventory_qty, track_inventory = excluded.track_inventory, position = excluded.position;

-- lemon-green-linen-handloom-jamdani-saree-lotus-motif-needlework-with-zari-pallu-korasutra
insert into public.products (handle, title, description, short_description, category_id, fabric, technique, color, has_blouse_piece, status, price, compare_at_price, seo_title, seo_description, tags)
values ('lemon-green-linen-handloom-jamdani-saree-lotus-motif-needlework-with-zari-pallu-korasutra', 'Lemon Green Linen Handloom Jamdani Saree Lotus Motif Needlework With Zari Pallu', '<p><span>Lemon Green Linen Handloom Jamdani Saree by Korasutra is a celebration of timeless craftsmanship and contemporary elegance. Woven in breathable linen, this saree features delicate Jamdani lotus motifs highlighted with intricate needlework, reflecting refined artisanal skill. The rich zari pallu adds a graceful shimmer, making it perfect for festive occasions, cultural gatherings, and elegant day wear. Lightweight, airy, and effortlessly stylish, this handloom saree blends comfort with heritage for the modern woman.</span></p>
<p><span>Length is 6.5m with blouse piece </span></p>', 'Lemon Green Linen Handloom Jamdani Saree by Korasutra is a celebration of timeless craftsmanship and contemporary elegance. Woven in breathable linen, this saree features delicate ', (select id from public.categories where slug = 'sarees'), 'linen', null, 'green', true, 'active'::public.product_status, 6750.00, null, null, null, array[]::text[])
on conflict (handle) do update set title = excluded.title, description = excluded.description, short_description = excluded.short_description, category_id = excluded.category_id, fabric = excluded.fabric, technique = excluded.technique, color = excluded.color, has_blouse_piece = excluded.has_blouse_piece, status = excluded.status, price = excluded.price, compare_at_price = excluded.compare_at_price, seo_title = excluded.seo_title, seo_description = excluded.seo_description, tags = excluded.tags;
delete from public.product_images where product_id = (select id from public.products where handle = 'lemon-green-linen-handloom-jamdani-saree-lotus-motif-needlework-with-zari-pallu-korasutra');
insert into public.product_images (product_id, url, alt_text, position) values ((select id from public.products where handle = 'lemon-green-linen-handloom-jamdani-saree-lotus-motif-needlework-with-zari-pallu-korasutra'), 'https://cdn.shopify.com/s/files/1/0800/5258/4666/files/1B8A16CB-E56A-48BA-92F2-23D551D1C5A1.png?v=1770093677', 'Lemon Green Linen Handloom Jamdani Saree Lotus Motif Needlework With Zari Pallu', 0);
insert into public.product_images (product_id, url, alt_text, position) values ((select id from public.products where handle = 'lemon-green-linen-handloom-jamdani-saree-lotus-motif-needlework-with-zari-pallu-korasutra'), 'https://cdn.shopify.com/s/files/1/0800/5258/4666/files/6A980826-6A98-4A2D-8996-3CA35B0ABCED.png?v=1770093677', 'Lemon Green Linen Handloom Jamdani Saree Lotus Motif Needlework With Zari Pallu', 1);
insert into public.product_images (product_id, url, alt_text, position) values ((select id from public.products where handle = 'lemon-green-linen-handloom-jamdani-saree-lotus-motif-needlework-with-zari-pallu-korasutra'), 'https://cdn.shopify.com/s/files/1/0800/5258/4666/files/IMG-9230.png?v=1770093878', 'Lemon Green Linen Handloom Jamdani Saree Lotus Motif Needlework With Zari Pallu', 2);
insert into public.product_images (product_id, url, alt_text, position) values ((select id from public.products where handle = 'lemon-green-linen-handloom-jamdani-saree-lotus-motif-needlework-with-zari-pallu-korasutra'), 'https://cdn.shopify.com/s/files/1/0800/5258/4666/files/2778419A-07AB-440D-BD7A-213630D6D50C.png?v=1770093677', 'Lemon Green Linen Handloom Jamdani Saree Lotus Motif Needlework With Zari Pallu', 3);
insert into public.product_images (product_id, url, alt_text, position) values ((select id from public.products where handle = 'lemon-green-linen-handloom-jamdani-saree-lotus-motif-needlework-with-zari-pallu-korasutra'), 'https://cdn.shopify.com/s/files/1/0800/5258/4666/files/BCBA4B95-EBAC-4639-94FD-AFA7623CD8B1.jpg?v=1770093678', 'Lemon Green Linen Handloom Jamdani Saree Lotus Motif Needlework With Zari Pallu', 4);
insert into public.product_variants (product_id, sku, title, option1_name, option1_value, option2_name, option2_value, price, compare_at_price, inventory_qty, track_inventory, position) values ((select id from public.products where handle = 'lemon-green-linen-handloom-jamdani-saree-lotus-motif-needlework-with-zari-pallu-korasutra'), 'KS-LEMON-GREEN-LINEN-HANDLOOM-JAMDANI-SAREE-LOTUS-MOTIF-NEEDLEWORK-WITH-ZARI-PALLU-KORASUTRA-1', 'Default', null, null, null, null, 6750.00, null, 0, true, 0) on conflict (sku) do update set product_id = excluded.product_id, title = excluded.title, option1_name = excluded.option1_name, option1_value = excluded.option1_value, option2_name = excluded.option2_name, option2_value = excluded.option2_value, price = excluded.price, compare_at_price = excluded.compare_at_price, inventory_qty = excluded.inventory_qty, track_inventory = excluded.track_inventory, position = excluded.position;

-- dark-bottle-green-blended-silk-kantha-stitch-bird-motif-korasutra
insert into public.products (handle, title, description, short_description, category_id, fabric, technique, color, has_blouse_piece, status, price, compare_at_price, seo_title, seo_description, tags)
values ('dark-bottle-green-blended-silk-kantha-stitch-bird-motif-korasutra', 'Dark Bottle Green Blended Silk Kantha Stitch Bird Motif', '<p><span>The Dark Bottle Green Blended Silk Kantha Stitch Saree with Bird Motif by Korasutra showcases refined craftsmanship and timeless elegance. Crafted in luxurious blended silk, this saree is adorned with intricate Kantha stitching and graceful bird motifs, adding depth and artisanal charm. The rich dark bottle green hue enhances its regal appeal, making it ideal for festive occasions, cultural gatherings, and elegant evening wear. Lightweight with a fluid drape, this saree blends tradition with contemporary sophistication.</span></p>
<p><span>Length is 6.5m with blouse piece </span></p>', 'The Dark Bottle Green Blended Silk Kantha Stitch Saree with Bird Motif by Korasutra showcases refined craftsmanship and timeless elegance. Crafted in luxurious blended silk, this s', (select id from public.categories where slug = 'sarees'), 'blended-silk', null, 'green', true, 'active'::public.product_status, 6050.00, null, null, null, array['Kantha stitch', 'Korasutra']::text[])
on conflict (handle) do update set title = excluded.title, description = excluded.description, short_description = excluded.short_description, category_id = excluded.category_id, fabric = excluded.fabric, technique = excluded.technique, color = excluded.color, has_blouse_piece = excluded.has_blouse_piece, status = excluded.status, price = excluded.price, compare_at_price = excluded.compare_at_price, seo_title = excluded.seo_title, seo_description = excluded.seo_description, tags = excluded.tags;
delete from public.product_images where product_id = (select id from public.products where handle = 'dark-bottle-green-blended-silk-kantha-stitch-bird-motif-korasutra');
insert into public.product_images (product_id, url, alt_text, position) values ((select id from public.products where handle = 'dark-bottle-green-blended-silk-kantha-stitch-bird-motif-korasutra'), 'https://cdn.shopify.com/s/files/1/0800/5258/4666/files/99F600D3-B91C-4071-A423-4F67AB1F1E08.png?v=1770004532', 'Dark Bottle Green Blended Silk Kantha Stitch Bird Motif', 0);
insert into public.product_images (product_id, url, alt_text, position) values ((select id from public.products where handle = 'dark-bottle-green-blended-silk-kantha-stitch-bird-motif-korasutra'), 'https://cdn.shopify.com/s/files/1/0800/5258/4666/files/09571039-9084-47DB-AFCE-70E595DD24CF.png?v=1770004532', 'Dark Bottle Green Blended Silk Kantha Stitch Bird Motif', 1);
insert into public.product_images (product_id, url, alt_text, position) values ((select id from public.products where handle = 'dark-bottle-green-blended-silk-kantha-stitch-bird-motif-korasutra'), 'https://cdn.shopify.com/s/files/1/0800/5258/4666/files/5A4A48D7-5B34-49A8-8553-0B2D76A67CD9.png?v=1770004532', 'Dark Bottle Green Blended Silk Kantha Stitch Bird Motif', 2);
insert into public.product_images (product_id, url, alt_text, position) values ((select id from public.products where handle = 'dark-bottle-green-blended-silk-kantha-stitch-bird-motif-korasutra'), 'https://cdn.shopify.com/s/files/1/0800/5258/4666/files/D6A885BF-DB19-410D-8B90-4984926840F0.jpg?v=1770004532', 'Dark Bottle Green Blended Silk Kantha Stitch Bird Motif', 3);
insert into public.product_images (product_id, url, alt_text, position) values ((select id from public.products where handle = 'dark-bottle-green-blended-silk-kantha-stitch-bird-motif-korasutra'), 'https://cdn.shopify.com/s/files/1/0800/5258/4666/files/AC6FDF51-D747-43BC-AF7C-CD89D3DE81B9.jpg?v=1770004533', 'Dark Bottle Green Blended Silk Kantha Stitch Bird Motif', 4);
insert into public.product_variants (product_id, sku, title, option1_name, option1_value, option2_name, option2_value, price, compare_at_price, inventory_qty, track_inventory, position) values ((select id from public.products where handle = 'dark-bottle-green-blended-silk-kantha-stitch-bird-motif-korasutra'), 'KS-DARK-BOTTLE-GREEN-BLENDED-SILK-KANTHA-STITCH-BIRD-MOTIF-KORASUTRA-1', 'Default', null, null, null, null, 6050.00, null, 1, true, 0) on conflict (sku) do update set product_id = excluded.product_id, title = excluded.title, option1_name = excluded.option1_name, option1_value = excluded.option1_value, option2_name = excluded.option2_name, option2_value = excluded.option2_value, price = excluded.price, compare_at_price = excluded.compare_at_price, inventory_qty = excluded.inventory_qty, track_inventory = excluded.track_inventory, position = excluded.position;

-- chocolate-brown-tissue-tussar-jamdani-saree-with-lotus-needlework-korasutra
insert into public.products (handle, title, description, short_description, category_id, fabric, technique, color, has_blouse_piece, status, price, compare_at_price, seo_title, seo_description, tags)
values ('chocolate-brown-tissue-tussar-jamdani-saree-with-lotus-needlework-korasutra', 'Chocolate Brown Tissue Tussar Jamdani Saree With Lotus Needlework', '<p><span>The Chocolate Brown Tissue Tussar Jamdani Saree with Lotus Needlework by Korasutra is a celebration of timeless craftsmanship. Woven in luxurious tissue tussar, this elegant saree features intricate Jamdani detailing highlighted with delicate lotus needlework. The rich chocolate brown hue adds depth and sophistication, making it perfect for festive occasions, cultural celebrations, and refined evening wear. Lightweight yet opulent, this saree drapes beautifully for a graceful, statement look.<br></span>Length is 6.5m with blouse piece </p>', 'The Chocolate Brown Tissue Tussar Jamdani Saree with Lotus Needlework by Korasutra is a celebration of timeless craftsmanship. Woven in luxurious tissue tussar, this elegant saree ', (select id from public.categories where slug = 'sarees'), 'tussar', null, 'chocolate; brown', true, 'active'::public.product_status, 14499.00, null, null, null, array['elegant saree', 'festive saree', 'hand needlework saree', 'handcrafted saree', 'jamdani saree', 'Korasutra', 'lightweight saree', 'premium handloom saree', 'Tissue']::text[])
on conflict (handle) do update set title = excluded.title, description = excluded.description, short_description = excluded.short_description, category_id = excluded.category_id, fabric = excluded.fabric, technique = excluded.technique, color = excluded.color, has_blouse_piece = excluded.has_blouse_piece, status = excluded.status, price = excluded.price, compare_at_price = excluded.compare_at_price, seo_title = excluded.seo_title, seo_description = excluded.seo_description, tags = excluded.tags;
delete from public.product_images where product_id = (select id from public.products where handle = 'chocolate-brown-tissue-tussar-jamdani-saree-with-lotus-needlework-korasutra');
insert into public.product_images (product_id, url, alt_text, position) values ((select id from public.products where handle = 'chocolate-brown-tissue-tussar-jamdani-saree-with-lotus-needlework-korasutra'), 'https://cdn.shopify.com/s/files/1/0800/5258/4666/files/E900EAF4-F322-4EB8-A480-72533114FCF3.jpg?v=1770002731', 'Chocolate Brown Tissue Tussar Jamdani Saree With Lotus Needlework', 0);
insert into public.product_images (product_id, url, alt_text, position) values ((select id from public.products where handle = 'chocolate-brown-tissue-tussar-jamdani-saree-with-lotus-needlework-korasutra'), 'https://cdn.shopify.com/s/files/1/0800/5258/4666/files/7E1FEFBD-AFE3-4B20-A38F-E18F329685CF.jpg?v=1770002731', 'Chocolate Brown Tissue Tussar Jamdani Saree With Lotus Needlework', 1);
insert into public.product_images (product_id, url, alt_text, position) values ((select id from public.products where handle = 'chocolate-brown-tissue-tussar-jamdani-saree-with-lotus-needlework-korasutra'), 'https://cdn.shopify.com/s/files/1/0800/5258/4666/files/5F2AA1E2-F72C-4563-97C5-11DA1D44DFCA.jpg?v=1770002731', 'Chocolate Brown Tissue Tussar Jamdani Saree With Lotus Needlework', 2);
insert into public.product_images (product_id, url, alt_text, position) values ((select id from public.products where handle = 'chocolate-brown-tissue-tussar-jamdani-saree-with-lotus-needlework-korasutra'), 'https://cdn.shopify.com/s/files/1/0800/5258/4666/files/19644CD2-1D06-44AF-9EC3-D3620E3E5316.jpg?v=1770002731', 'Chocolate Brown Tissue Tussar Jamdani Saree With Lotus Needlework', 3);
insert into public.product_images (product_id, url, alt_text, position) values ((select id from public.products where handle = 'chocolate-brown-tissue-tussar-jamdani-saree-with-lotus-needlework-korasutra'), 'https://cdn.shopify.com/s/files/1/0800/5258/4666/files/6199FB04-A957-43D6-97EB-D3F9680865FC.jpg?v=1770002731', 'Chocolate Brown Tissue Tussar Jamdani Saree With Lotus Needlework', 4);
insert into public.product_variants (product_id, sku, title, option1_name, option1_value, option2_name, option2_value, price, compare_at_price, inventory_qty, track_inventory, position) values ((select id from public.products where handle = 'chocolate-brown-tissue-tussar-jamdani-saree-with-lotus-needlework-korasutra'), 'KS-CHOCOLATE-BROWN-TISSUE-TUSSAR-JAMDANI-SAREE-WITH-LOTUS-NEEDLEWORK-KORASUTRA-1', 'Default', null, null, null, null, 14499.00, null, 0, true, 0) on conflict (sku) do update set product_id = excluded.product_id, title = excluded.title, option1_name = excluded.option1_name, option1_value = excluded.option1_value, option2_name = excluded.option2_name, option2_value = excluded.option2_value, price = excluded.price, compare_at_price = excluded.compare_at_price, inventory_qty = excluded.inventory_qty, track_inventory = excluded.track_inventory, position = excluded.position;

-- bottle-green-linen-muslin-silk-saree-with-bird-motifs-korasutra
insert into public.products (handle, title, description, short_description, category_id, fabric, technique, color, has_blouse_piece, status, price, compare_at_price, seo_title, seo_description, tags)
values ('bottle-green-linen-muslin-silk-saree-with-bird-motifs-korasutra', 'Bottle Green Linen Muslin Silk Saree With Bird Motifs', '<p><span>Bottle Green Linen Muslin Silk Saree with Bird Motifs by Korasutra blends elegance with nature-inspired charm. Crafted from a luxurious linen muslin silk blend, this lightweight saree features delicate bird motifs that add a timeless, artistic appeal. Perfect for festive occasions, cultural events, and elegant day wear, it offers breathable comfort with a graceful drape. Style it with minimal jewelry for a refined ethnic look.</span></p>
<p><span>Length is 6.5m with blouse piece </span></p>', 'Bottle Green Linen Muslin Silk Saree with Bird Motifs by Korasutra blends elegance with nature-inspired charm. Crafted from a luxurious linen muslin silk blend, this lightweight sa', (select id from public.categories where slug = 'sarees'), 'silk-linen', null, 'green', true, 'active'::public.product_status, 9750.00, null, null, null, array['day wear saree', 'elegant saree', 'festive saree', 'fine muslin saree', 'hand needlework saree', 'handcrafted saree', 'Korasutra', 'Linen', 'Linen muslin', 'Muslin', 'premium handloom saree', 'Silk linen', 'summer saree']::text[])
on conflict (handle) do update set title = excluded.title, description = excluded.description, short_description = excluded.short_description, category_id = excluded.category_id, fabric = excluded.fabric, technique = excluded.technique, color = excluded.color, has_blouse_piece = excluded.has_blouse_piece, status = excluded.status, price = excluded.price, compare_at_price = excluded.compare_at_price, seo_title = excluded.seo_title, seo_description = excluded.seo_description, tags = excluded.tags;
delete from public.product_images where product_id = (select id from public.products where handle = 'bottle-green-linen-muslin-silk-saree-with-bird-motifs-korasutra');
insert into public.product_images (product_id, url, alt_text, position) values ((select id from public.products where handle = 'bottle-green-linen-muslin-silk-saree-with-bird-motifs-korasutra'), 'https://cdn.shopify.com/s/files/1/0800/5258/4666/files/D3A9CEB4-58C6-44DD-A18F-F68E3EEC3B85.jpg?v=1770002193', 'Bottle Green Linen Muslin Silk Saree With Bird Motifs', 0);
insert into public.product_images (product_id, url, alt_text, position) values ((select id from public.products where handle = 'bottle-green-linen-muslin-silk-saree-with-bird-motifs-korasutra'), 'https://cdn.shopify.com/s/files/1/0800/5258/4666/files/4829100A-AEC0-49D1-8902-69BC0816D3E1.jpg?v=1770002193', 'Bottle Green Linen Muslin Silk Saree With Bird Motifs', 1);
insert into public.product_images (product_id, url, alt_text, position) values ((select id from public.products where handle = 'bottle-green-linen-muslin-silk-saree-with-bird-motifs-korasutra'), 'https://cdn.shopify.com/s/files/1/0800/5258/4666/files/A860BAE6-B0AB-463B-ACEE-85A0EF7FBDF0.jpg?v=1770002193', 'Bottle Green Linen Muslin Silk Saree With Bird Motifs', 2);
insert into public.product_images (product_id, url, alt_text, position) values ((select id from public.products where handle = 'bottle-green-linen-muslin-silk-saree-with-bird-motifs-korasutra'), 'https://cdn.shopify.com/s/files/1/0800/5258/4666/files/31C3C2A0-FAF9-411D-A07B-DE8EE0844AB9.jpg?v=1770002193', 'Bottle Green Linen Muslin Silk Saree With Bird Motifs', 3);
insert into public.product_images (product_id, url, alt_text, position) values ((select id from public.products where handle = 'bottle-green-linen-muslin-silk-saree-with-bird-motifs-korasutra'), 'https://cdn.shopify.com/s/files/1/0800/5258/4666/files/92F95D89-97E3-4834-96CF-F38C3576F7A5.jpg?v=1770002193', 'Bottle Green Linen Muslin Silk Saree With Bird Motifs', 4);
insert into public.product_variants (product_id, sku, title, option1_name, option1_value, option2_name, option2_value, price, compare_at_price, inventory_qty, track_inventory, position) values ((select id from public.products where handle = 'bottle-green-linen-muslin-silk-saree-with-bird-motifs-korasutra'), 'KS-BOTTLE-GREEN-LINEN-MUSLIN-SILK-SAREE-WITH-BIRD-MOTIFS-KORASUTRA-1', 'Default', null, null, null, null, 9750.00, null, 1, true, 0) on conflict (sku) do update set product_id = excluded.product_id, title = excluded.title, option1_name = excluded.option1_name, option1_value = excluded.option1_value, option2_name = excluded.option2_name, option2_value = excluded.option2_value, price = excluded.price, compare_at_price = excluded.compare_at_price, inventory_qty = excluded.inventory_qty, track_inventory = excluded.track_inventory, position = excluded.position;

-- test-product-admin
insert into public.products (handle, title, description, short_description, category_id, fabric, technique, color, has_blouse_piece, status, price, compare_at_price, seo_title, seo_description, tags)
values ('test-product-admin', 'test product ADMIN', null, null, (select id from public.categories where slug = 'sarees'), null, null, null, false, 'active'::public.product_status, 1000.00, null, null, null, array[]::text[])
on conflict (handle) do update set title = excluded.title, description = excluded.description, short_description = excluded.short_description, category_id = excluded.category_id, fabric = excluded.fabric, technique = excluded.technique, color = excluded.color, has_blouse_piece = excluded.has_blouse_piece, status = excluded.status, price = excluded.price, compare_at_price = excluded.compare_at_price, seo_title = excluded.seo_title, seo_description = excluded.seo_description, tags = excluded.tags;
delete from public.product_images where product_id = (select id from public.products where handle = 'test-product-admin');
insert into public.product_variants (product_id, sku, title, option1_name, option1_value, option2_name, option2_value, price, compare_at_price, inventory_qty, track_inventory, position) values ((select id from public.products where handle = 'test-product-admin'), 'KS-TEST-PRODUCT-ADMIN-1', 'Default', null, null, null, null, 1000.00, null, 4, true, 0) on conflict (sku) do update set product_id = excluded.product_id, title = excluded.title, option1_name = excluded.option1_name, option1_value = excluded.option1_value, option2_name = excluded.option2_name, option2_value = excluded.option2_value, price = excluded.price, compare_at_price = excluded.compare_at_price, inventory_qty = excluded.inventory_qty, track_inventory = excluded.track_inventory, position = excluded.position;

-- x
insert into public.products (handle, title, description, short_description, category_id, fabric, technique, color, has_blouse_piece, status, price, compare_at_price, seo_title, seo_description, tags)
values ('x', 'Chocolate Brown Muslin Silk Saree with Zari Sequins Border', '<p><span>Shop elegant chocolate brown muslin silk saree with zari sequins border at Korasutra ( Kora Sutra) . Perfect for weddings, parties &amp; festive occasions. Buy online now. Apt for Party and Office </span></p>
<p><span>Length is 6.5m with blouse piece</span></p>', 'Shop elegant chocolate brown muslin silk saree with zari sequins border at Korasutra ( Kora Sutra) . Perfect for weddings, parties & festive occasions. Buy online now. Apt for Part', (select id from public.categories where slug = 'sarees'), 'silk-muslin', null, 'brown; chocolate', true, 'active'::public.product_status, 12599.00, null, null, null, array[]::text[])
on conflict (handle) do update set title = excluded.title, description = excluded.description, short_description = excluded.short_description, category_id = excluded.category_id, fabric = excluded.fabric, technique = excluded.technique, color = excluded.color, has_blouse_piece = excluded.has_blouse_piece, status = excluded.status, price = excluded.price, compare_at_price = excluded.compare_at_price, seo_title = excluded.seo_title, seo_description = excluded.seo_description, tags = excluded.tags;
delete from public.product_images where product_id = (select id from public.products where handle = 'x');
insert into public.product_images (product_id, url, alt_text, position) values ((select id from public.products where handle = 'x'), 'https://cdn.shopify.com/s/files/1/0800/5258/4666/files/3F6BB6F6-E970-4060-B294-9B71A6D9CD86.jpg?v=1768986267', 'Chocolate Brown Muslin Silk Saree with Zari Sequins Border', 0);
insert into public.product_images (product_id, url, alt_text, position) values ((select id from public.products where handle = 'x'), 'https://cdn.shopify.com/s/files/1/0800/5258/4666/files/4FCA99C5-FD25-445D-B9AE-AE567D22A0D3.jpg?v=1768986267', 'Chocolate Brown Muslin Silk Saree with Zari Sequins Border', 1);
insert into public.product_images (product_id, url, alt_text, position) values ((select id from public.products where handle = 'x'), 'https://cdn.shopify.com/s/files/1/0800/5258/4666/files/0DA7DF50-3B5F-4C87-9904-B90DD77A4A9B.jpg?v=1768986267', 'Chocolate Brown Muslin Silk Saree with Zari Sequins Border', 2);
insert into public.product_images (product_id, url, alt_text, position) values ((select id from public.products where handle = 'x'), 'https://cdn.shopify.com/s/files/1/0800/5258/4666/files/24B9356E-D82C-4527-A301-0161C0A312F8.png?v=1768986267', 'Chocolate Brown Muslin Silk Saree with Zari Sequins Border', 3);
insert into public.product_images (product_id, url, alt_text, position) values ((select id from public.products where handle = 'x'), 'https://cdn.shopify.com/s/files/1/0800/5258/4666/files/84C987B9-CF41-4B58-86ED-9087A0234A8B.jpg?v=1769072753', 'Chocolate Brown Muslin Silk Saree with Zari Sequins Border', 4);
insert into public.product_variants (product_id, sku, title, option1_name, option1_value, option2_name, option2_value, price, compare_at_price, inventory_qty, track_inventory, position) values ((select id from public.products where handle = 'x'), 'KS-X-1', 'Default', null, null, null, null, 12599.00, null, 1, true, 0) on conflict (sku) do update set product_id = excluded.product_id, title = excluded.title, option1_name = excluded.option1_name, option1_value = excluded.option1_value, option2_name = excluded.option2_name, option2_value = excluded.option2_value, price = excluded.price, compare_at_price = excluded.compare_at_price, inventory_qty = excluded.inventory_qty, track_inventory = excluded.track_inventory, position = excluded.position;

-- untitled-jan21_14-30
insert into public.products (handle, title, description, short_description, category_id, fabric, technique, color, has_blouse_piece, status, price, compare_at_price, seo_title, seo_description, tags)
values ('untitled-jan21_14-30', 'Red Muslin Silk Saree with Zari Sequins Border', '<p><span>Shop elegant red muslin silk saree with zari sequins border from Korasutra ( Kora Sutra) .Perfect for weddings, festive wear &amp; special occasions. Premium quality, timeless style.</span></p>
<p><span>Length is 6.5m with blouse piece </span></p>', 'Shop elegant red muslin silk saree with zari sequins border from Korasutra ( Kora Sutra) .Perfect for weddings, festive wear & special occasions. Premium quality, timeless style.

', (select id from public.categories where slug = 'sarees'), 'silk-muslin', null, 'red', true, 'active'::public.product_status, 12599.00, null, null, null, array[]::text[])
on conflict (handle) do update set title = excluded.title, description = excluded.description, short_description = excluded.short_description, category_id = excluded.category_id, fabric = excluded.fabric, technique = excluded.technique, color = excluded.color, has_blouse_piece = excluded.has_blouse_piece, status = excluded.status, price = excluded.price, compare_at_price = excluded.compare_at_price, seo_title = excluded.seo_title, seo_description = excluded.seo_description, tags = excluded.tags;
delete from public.product_images where product_id = (select id from public.products where handle = 'untitled-jan21_14-30');
insert into public.product_images (product_id, url, alt_text, position) values ((select id from public.products where handle = 'untitled-jan21_14-30'), 'https://cdn.shopify.com/s/files/1/0800/5258/4666/files/6F466F1C-DE5F-4B2D-B78C-305572816B1A.jpg?v=1768995636', 'Red Muslin Silk Saree with Zari Sequins Border', 0);
insert into public.product_images (product_id, url, alt_text, position) values ((select id from public.products where handle = 'untitled-jan21_14-30'), 'https://cdn.shopify.com/s/files/1/0800/5258/4666/files/544FD177-5726-462E-A87F-32BBCA9DA0C5.jpg?v=1768995636', 'Red Muslin Silk Saree with Zari Sequins Border', 1);
insert into public.product_images (product_id, url, alt_text, position) values ((select id from public.products where handle = 'untitled-jan21_14-30'), 'https://cdn.shopify.com/s/files/1/0800/5258/4666/files/397443E2-DDE2-41D3-BA1C-C8F6CB638FDC.jpg?v=1768995636', 'Red Muslin Silk Saree with Zari Sequins Border', 2);
insert into public.product_images (product_id, url, alt_text, position) values ((select id from public.products where handle = 'untitled-jan21_14-30'), 'https://cdn.shopify.com/s/files/1/0800/5258/4666/files/8C041B1C-4D57-4047-BF35-47DE0EC073CB.jpg?v=1768993681', 'Red Muslin Silk Saree with Zari Sequins Border', 3);
insert into public.product_images (product_id, url, alt_text, position) values ((select id from public.products where handle = 'untitled-jan21_14-30'), 'https://cdn.shopify.com/s/files/1/0800/5258/4666/files/D8371F8D-48A1-48A6-A749-F3D8FB36F828.jpg?v=1768993681', 'Red Muslin Silk Saree with Zari Sequins Border', 4);
insert into public.product_variants (product_id, sku, title, option1_name, option1_value, option2_name, option2_value, price, compare_at_price, inventory_qty, track_inventory, position) values ((select id from public.products where handle = 'untitled-jan21_14-30'), 'KSMNRD27', 'Default', null, null, null, null, 12599.00, null, 1, true, 0) on conflict (sku) do update set product_id = excluded.product_id, title = excluded.title, option1_name = excluded.option1_name, option1_value = excluded.option1_value, option2_name = excluded.option2_name, option2_value = excluded.option2_value, price = excluded.price, compare_at_price = excluded.compare_at_price, inventory_qty = excluded.inventory_qty, track_inventory = excluded.track_inventory, position = excluded.position;

-- untitled-jan21_14-29
insert into public.products (handle, title, description, short_description, category_id, fabric, technique, color, has_blouse_piece, status, price, compare_at_price, seo_title, seo_description, tags)
values ('untitled-jan21_14-29', 'Blue Muslin Silk Saree with Zari Sequins Border', '<p><span>Shop elegant blue muslin silk saree with zari and sequin border at Korasutra. Lightweight, graceful and perfect for weddings, parties, and festive occasions.</span></p>
<p><span>Apt for Party and Office </span></p>
<p><span>Lenth with blouse piece is 6.5m</span></p>', 'Shop elegant blue muslin silk saree with zari and sequin border at Korasutra. Lightweight, graceful and perfect for weddings, parties, and festive occasions.

Apt for Party and Off', (select id from public.categories where slug = 'sarees'), 'silk-muslin', null, 'blue', true, 'active'::public.product_status, 12599.00, null, null, null, array[]::text[])
on conflict (handle) do update set title = excluded.title, description = excluded.description, short_description = excluded.short_description, category_id = excluded.category_id, fabric = excluded.fabric, technique = excluded.technique, color = excluded.color, has_blouse_piece = excluded.has_blouse_piece, status = excluded.status, price = excluded.price, compare_at_price = excluded.compare_at_price, seo_title = excluded.seo_title, seo_description = excluded.seo_description, tags = excluded.tags;
delete from public.product_images where product_id = (select id from public.products where handle = 'untitled-jan21_14-29');
insert into public.product_images (product_id, url, alt_text, position) values ((select id from public.products where handle = 'untitled-jan21_14-29'), 'https://cdn.shopify.com/s/files/1/0800/5258/4666/files/6732ADC8-5CF7-4EBE-A35B-15BB1A5DEE8D.jpg?v=1768986267', 'Blue Muslin Silk Saree with Zari Sequins Border', 0);
insert into public.product_images (product_id, url, alt_text, position) values ((select id from public.products where handle = 'untitled-jan21_14-29'), 'https://cdn.shopify.com/s/files/1/0800/5258/4666/files/5F8D29DE-CA83-4EAE-93A9-37BD26EF17A3.jpg?v=1768986268', 'Blue Muslin Silk Saree with Zari Sequins Border', 1);
insert into public.product_images (product_id, url, alt_text, position) values ((select id from public.products where handle = 'untitled-jan21_14-29'), 'https://cdn.shopify.com/s/files/1/0800/5258/4666/files/C44F1375-73DA-448A-B527-1B9F177E77B5.jpg?v=1768986267', 'Blue Muslin Silk Saree with Zari Sequins Border', 2);
insert into public.product_images (product_id, url, alt_text, position) values ((select id from public.products where handle = 'untitled-jan21_14-29'), 'https://cdn.shopify.com/s/files/1/0800/5258/4666/files/F3F4BD77-7032-41B7-A236-927F3587B331.jpg?v=1768990701', 'Blue Muslin Silk Saree with Zari Sequins Border', 3);
insert into public.product_images (product_id, url, alt_text, position) values ((select id from public.products where handle = 'untitled-jan21_14-29'), 'https://cdn.shopify.com/s/files/1/0800/5258/4666/files/FB40B743-5A0A-4457-B384-22CD1E66523C.jpg?v=1768990700', 'Blue Muslin Silk Saree with Zari Sequins Border', 4);
insert into public.product_variants (product_id, sku, title, option1_name, option1_value, option2_name, option2_value, price, compare_at_price, inventory_qty, track_inventory, position) values ((select id from public.products where handle = 'untitled-jan21_14-29'), 'KS-MN-BE-001', 'Default', null, null, null, null, 12599.00, null, 1, true, 0) on conflict (sku) do update set product_id = excluded.product_id, title = excluded.title, option1_name = excluded.option1_name, option1_value = excluded.option1_value, option2_name = excluded.option2_name, option2_value = excluded.option2_value, price = excluded.price, compare_at_price = excluded.compare_at_price, inventory_qty = excluded.inventory_qty, track_inventory = excluded.track_inventory, position = excluded.position;

-- untitled-jan20_19-07
insert into public.products (handle, title, description, short_description, category_id, fabric, technique, color, has_blouse_piece, status, price, compare_at_price, seo_title, seo_description, tags)
values ('untitled-jan20_19-07', 'Purple Tussar Baluchari Saree With Swan Motifs', '<p><span>Shop the Purple Tussar Baluchari Saree with elegant swan motifs at Korasutra. A luxurious handwoven silk saree, perfect for weddings and festive wear.</span></p>
<p><span>Length 6.5m with blouse piece</span></p>', 'Shop the Purple Tussar Baluchari Saree with elegant swan motifs at Korasutra. A luxurious handwoven silk saree, perfect for weddings and festive wear.

Length 6.5m with blouse piec', (select id from public.categories where slug = 'sarees'), 'tussar', null, 'purple', true, 'active'::public.product_status, 13500.00, null, null, null, array[]::text[])
on conflict (handle) do update set title = excluded.title, description = excluded.description, short_description = excluded.short_description, category_id = excluded.category_id, fabric = excluded.fabric, technique = excluded.technique, color = excluded.color, has_blouse_piece = excluded.has_blouse_piece, status = excluded.status, price = excluded.price, compare_at_price = excluded.compare_at_price, seo_title = excluded.seo_title, seo_description = excluded.seo_description, tags = excluded.tags;
delete from public.product_images where product_id = (select id from public.products where handle = 'untitled-jan20_19-07');
insert into public.product_images (product_id, url, alt_text, position) values ((select id from public.products where handle = 'untitled-jan20_19-07'), 'https://cdn.shopify.com/s/files/1/0800/5258/4666/files/D6D2B78E-C86A-474D-BC33-A7F2C8B1FA41.jpg?v=1768916262', 'Purple Tussar Baluchari Saree With Swan Motifs', 0);
insert into public.product_images (product_id, url, alt_text, position) values ((select id from public.products where handle = 'untitled-jan20_19-07'), 'https://cdn.shopify.com/s/files/1/0800/5258/4666/files/AC7C04A2-FB1F-4D31-B475-FDEE6F307705.jpg?v=1768916262', 'Purple Tussar Baluchari Saree With Swan Motifs', 1);
insert into public.product_images (product_id, url, alt_text, position) values ((select id from public.products where handle = 'untitled-jan20_19-07'), 'https://cdn.shopify.com/s/files/1/0800/5258/4666/files/4B9066C4-576E-4749-93C0-43D51C943C39.jpg?v=1768916262', 'Purple Tussar Baluchari Saree With Swan Motifs', 2);
insert into public.product_images (product_id, url, alt_text, position) values ((select id from public.products where handle = 'untitled-jan20_19-07'), 'https://cdn.shopify.com/s/files/1/0800/5258/4666/files/2ACCA8EF-3C15-4B6F-815C-BCD63098A27B.jpg?v=1768916263', 'Purple Tussar Baluchari Saree With Swan Motifs', 3);
insert into public.product_images (product_id, url, alt_text, position) values ((select id from public.products where handle = 'untitled-jan20_19-07'), 'https://cdn.shopify.com/s/files/1/0800/5258/4666/files/94AA759C-D6CF-45FF-A8EF-AAD13AB585BA.jpg?v=1768916263', 'Purple Tussar Baluchari Saree With Swan Motifs', 4);
insert into public.product_variants (product_id, sku, title, option1_name, option1_value, option2_name, option2_value, price, compare_at_price, inventory_qty, track_inventory, position) values ((select id from public.products where handle = 'untitled-jan20_19-07'), 'KS-UNTITLED-JAN20-19-07-1', 'Default', null, null, null, null, 13500.00, null, 1, true, 0) on conflict (sku) do update set product_id = excluded.product_id, title = excluded.title, option1_name = excluded.option1_name, option1_value = excluded.option1_value, option2_name = excluded.option2_name, option2_value = excluded.option2_value, price = excluded.price, compare_at_price = excluded.compare_at_price, inventory_qty = excluded.inventory_qty, track_inventory = excluded.track_inventory, position = excluded.position;

-- maroon-linen-handloom-jamdani-saree-lotus-motif-needlework-with-zari-pallu-korasutra
insert into public.products (handle, title, description, short_description, category_id, fabric, technique, color, has_blouse_piece, status, price, compare_at_price, seo_title, seo_description, tags)
values ('maroon-linen-handloom-jamdani-saree-lotus-motif-needlework-with-zari-pallu-korasutra', 'Brown Linen Jamdani Saree Lotus Motif Needlework With Zari Pallu', '<p><span>Upgrade your ethnic wardrobe with the brown Linen Handloom Jamdani Saree from Korasutra. Handwoven by skilled artisans, this saree showcases intricate lotus motif needlework and a luxurious zari pallu that adds a regal touch. Crafted from premium linen, it is lightweight, breathable, and perfect for summer wear, festive celebrations, office wear, and refined casual occasions. A beautiful fusion of heritage craftsmanship and contemporary style.</span></p>
<p><span>Length is 6.5m with blouse piece</span></p>', 'Upgrade your ethnic wardrobe with the brown Linen Handloom Jamdani Saree from Korasutra. Handwoven by skilled artisans, this saree showcases intricate lotus motif needlework and a ', (select id from public.categories where slug = 'sarees'), 'linen', null, 'brown', true, 'active'::public.product_status, 4250.00, null, null, null, array[]::text[])
on conflict (handle) do update set title = excluded.title, description = excluded.description, short_description = excluded.short_description, category_id = excluded.category_id, fabric = excluded.fabric, technique = excluded.technique, color = excluded.color, has_blouse_piece = excluded.has_blouse_piece, status = excluded.status, price = excluded.price, compare_at_price = excluded.compare_at_price, seo_title = excluded.seo_title, seo_description = excluded.seo_description, tags = excluded.tags;
delete from public.product_images where product_id = (select id from public.products where handle = 'maroon-linen-handloom-jamdani-saree-lotus-motif-needlework-with-zari-pallu-korasutra');
insert into public.product_images (product_id, url, alt_text, position) values ((select id from public.products where handle = 'maroon-linen-handloom-jamdani-saree-lotus-motif-needlework-with-zari-pallu-korasutra'), 'https://cdn.shopify.com/s/files/1/0800/5258/4666/files/926CEA80-5A1E-4239-B69A-3D9C146FF677.jpg?v=1768909107', 'Brown Linen Jamdani Saree Lotus Motif Needlework With Zari Pallu', 0);
insert into public.product_images (product_id, url, alt_text, position) values ((select id from public.products where handle = 'maroon-linen-handloom-jamdani-saree-lotus-motif-needlework-with-zari-pallu-korasutra'), 'https://cdn.shopify.com/s/files/1/0800/5258/4666/files/5BCC7B95-8B05-4E35-A289-988DA2741521.jpg?v=1768909107', 'Brown Linen Jamdani Saree Lotus Motif Needlework With Zari Pallu', 1);
insert into public.product_images (product_id, url, alt_text, position) values ((select id from public.products where handle = 'maroon-linen-handloom-jamdani-saree-lotus-motif-needlework-with-zari-pallu-korasutra'), 'https://cdn.shopify.com/s/files/1/0800/5258/4666/files/4A555152-BF01-42D7-99BD-CDF2DFAAFB97.jpg?v=1768909107', 'Brown Linen Jamdani Saree Lotus Motif Needlework With Zari Pallu', 2);
insert into public.product_images (product_id, url, alt_text, position) values ((select id from public.products where handle = 'maroon-linen-handloom-jamdani-saree-lotus-motif-needlework-with-zari-pallu-korasutra'), 'https://cdn.shopify.com/s/files/1/0800/5258/4666/files/F94FC7FB-4BDA-416B-8739-B9B0F8BD598D.jpg?v=1768909109', 'Brown Linen Jamdani Saree Lotus Motif Needlework With Zari Pallu', 3);
insert into public.product_images (product_id, url, alt_text, position) values ((select id from public.products where handle = 'maroon-linen-handloom-jamdani-saree-lotus-motif-needlework-with-zari-pallu-korasutra'), 'https://cdn.shopify.com/s/files/1/0800/5258/4666/files/8036591B-5BF3-4974-AD1A-ECFF1AB38CDB.jpg?v=1768909107', 'Brown Linen Jamdani Saree Lotus Motif Needlework With Zari Pallu', 4);
insert into public.product_variants (product_id, sku, title, option1_name, option1_value, option2_name, option2_value, price, compare_at_price, inventory_qty, track_inventory, position) values ((select id from public.products where handle = 'maroon-linen-handloom-jamdani-saree-lotus-motif-needlework-with-zari-pallu-korasutra'), 'KSLN029', 'Default', null, null, null, null, 4250.00, null, 0, true, 0) on conflict (sku) do update set product_id = excluded.product_id, title = excluded.title, option1_name = excluded.option1_name, option1_value = excluded.option1_value, option2_name = excluded.option2_name, option2_value = excluded.option2_value, price = excluded.price, compare_at_price = excluded.compare_at_price, inventory_qty = excluded.inventory_qty, track_inventory = excluded.track_inventory, position = excluded.position;

-- bottle-green-linen-handloom-jamdani-saree-lotus-motif-needlework-with-zari-pallu-korasutra
insert into public.products (handle, title, description, short_description, category_id, fabric, technique, color, has_blouse_piece, status, price, compare_at_price, seo_title, seo_description, tags)
values ('bottle-green-linen-handloom-jamdani-saree-lotus-motif-needlework-with-zari-pallu-korasutra', 'Bottle Green Linen Handloom Jamdani Saree Lotus Motif Needlework With Zari Pallu', '<p><span>Shop Bottle Green Linen Handloom Jamdani Saree with lotus motif needlework and zari pallu from Korasutra. Elegant, breathable, perfect festive wear.</span></p>
<p><span>Length 6.5m with blouse piece</span></p>', 'Shop Bottle Green Linen Handloom Jamdani Saree with lotus motif needlework and zari pallu from Korasutra. Elegant, breathable, perfect festive wear.

Length 6.5m with blouse piece', (select id from public.categories where slug = 'sarees'), 'linen', null, 'green', true, 'active'::public.product_status, 6750.00, null, null, null, array[]::text[])
on conflict (handle) do update set title = excluded.title, description = excluded.description, short_description = excluded.short_description, category_id = excluded.category_id, fabric = excluded.fabric, technique = excluded.technique, color = excluded.color, has_blouse_piece = excluded.has_blouse_piece, status = excluded.status, price = excluded.price, compare_at_price = excluded.compare_at_price, seo_title = excluded.seo_title, seo_description = excluded.seo_description, tags = excluded.tags;
delete from public.product_images where product_id = (select id from public.products where handle = 'bottle-green-linen-handloom-jamdani-saree-lotus-motif-needlework-with-zari-pallu-korasutra');
insert into public.product_images (product_id, url, alt_text, position) values ((select id from public.products where handle = 'bottle-green-linen-handloom-jamdani-saree-lotus-motif-needlework-with-zari-pallu-korasutra'), 'https://cdn.shopify.com/s/files/1/0800/5258/4666/files/23EEAE6D-68CF-409F-B840-E3611A2B312C.jpg?v=1768894091', 'Bottle Green Linen Handloom Jamdani Saree Lotus Motif Needlework With Zari Pallu', 0);
insert into public.product_images (product_id, url, alt_text, position) values ((select id from public.products where handle = 'bottle-green-linen-handloom-jamdani-saree-lotus-motif-needlework-with-zari-pallu-korasutra'), 'https://cdn.shopify.com/s/files/1/0800/5258/4666/files/BF0AD85F-B3AC-4632-9B01-483C645E31D7.jpg?v=1768894091', 'Bottle Green Linen Handloom Jamdani Saree Lotus Motif Needlework With Zari Pallu', 1);
insert into public.product_images (product_id, url, alt_text, position) values ((select id from public.products where handle = 'bottle-green-linen-handloom-jamdani-saree-lotus-motif-needlework-with-zari-pallu-korasutra'), 'https://cdn.shopify.com/s/files/1/0800/5258/4666/files/29A3A042-ACCF-4503-B3D1-1A334CE6BE64.jpg?v=1768894091', 'Bottle Green Linen Handloom Jamdani Saree Lotus Motif Needlework With Zari Pallu', 2);
insert into public.product_images (product_id, url, alt_text, position) values ((select id from public.products where handle = 'bottle-green-linen-handloom-jamdani-saree-lotus-motif-needlework-with-zari-pallu-korasutra'), 'https://cdn.shopify.com/s/files/1/0800/5258/4666/files/866B26A0-4313-42FA-B4DC-29E8E639026F.jpg?v=1768894092', 'Bottle Green Linen Handloom Jamdani Saree Lotus Motif Needlework With Zari Pallu', 3);
insert into public.product_images (product_id, url, alt_text, position) values ((select id from public.products where handle = 'bottle-green-linen-handloom-jamdani-saree-lotus-motif-needlework-with-zari-pallu-korasutra'), 'https://cdn.shopify.com/s/files/1/0800/5258/4666/files/F6CB3FD7-0360-4D6D-A4AC-3096B2E8266C.jpg?v=1768894092', 'Bottle Green Linen Handloom Jamdani Saree Lotus Motif Needlework With Zari Pallu', 4);
insert into public.product_variants (product_id, sku, title, option1_name, option1_value, option2_name, option2_value, price, compare_at_price, inventory_qty, track_inventory, position) values ((select id from public.products where handle = 'bottle-green-linen-handloom-jamdani-saree-lotus-motif-needlework-with-zari-pallu-korasutra'), 'KSLNGN13', 'Default', null, null, null, null, 6750.00, null, 1, true, 0) on conflict (sku) do update set product_id = excluded.product_id, title = excluded.title, option1_name = excluded.option1_name, option1_value = excluded.option1_value, option2_name = excluded.option2_name, option2_value = excluded.option2_value, price = excluded.price, compare_at_price = excluded.compare_at_price, inventory_qty = excluded.inventory_qty, track_inventory = excluded.track_inventory, position = excluded.position;

-- purple-linen-handloom-jamdani-saree-lotus-motif-needlework-with-zari-pallu-korasutra
insert into public.products (handle, title, description, short_description, category_id, fabric, technique, color, has_blouse_piece, status, price, compare_at_price, seo_title, seo_description, tags)
values ('purple-linen-handloom-jamdani-saree-lotus-motif-needlework-with-zari-pallu-korasutra', 'Purple Linen Handloom Jamdani Saree Lotus Motif Needlework With Zari Pallu', '<p><span>Enhance your ethnic wardrobe with the Purple Linen Handloom Jamdani Saree from Korasutra. Handwoven by skilled artisans, this saree features intricate lotus motif needlework and a rich zari pallu that adds a regal touch. Crafted from premium linen, it is lightweight, breathable, and perfect for summer wear, festive celebrations, office wear, and elegant casual occasions. A beautiful fusion of heritage craftsmanship and contemporary style.</span></p>
<p><span>Length is 6.5m with blouse piece</span></p>', 'Enhance your ethnic wardrobe with the Purple Linen Handloom Jamdani Saree from Korasutra. Handwoven by skilled artisans, this saree features intricate lotus motif needlework and a ', (select id from public.categories where slug = 'sarees'), 'linen', null, 'purple', true, 'active'::public.product_status, 6625.00, null, null, null, array[]::text[])
on conflict (handle) do update set title = excluded.title, description = excluded.description, short_description = excluded.short_description, category_id = excluded.category_id, fabric = excluded.fabric, technique = excluded.technique, color = excluded.color, has_blouse_piece = excluded.has_blouse_piece, status = excluded.status, price = excluded.price, compare_at_price = excluded.compare_at_price, seo_title = excluded.seo_title, seo_description = excluded.seo_description, tags = excluded.tags;
delete from public.product_images where product_id = (select id from public.products where handle = 'purple-linen-handloom-jamdani-saree-lotus-motif-needlework-with-zari-pallu-korasutra');
insert into public.product_images (product_id, url, alt_text, position) values ((select id from public.products where handle = 'purple-linen-handloom-jamdani-saree-lotus-motif-needlework-with-zari-pallu-korasutra'), 'https://cdn.shopify.com/s/files/1/0800/5258/4666/files/3FE4F9D1-883F-4A42-A848-8B5D692C50B3.jpg?v=1768891278', 'Purple Linen Handloom Jamdani Saree Lotus Motif Needlework With Zari Pallu', 0);
insert into public.product_images (product_id, url, alt_text, position) values ((select id from public.products where handle = 'purple-linen-handloom-jamdani-saree-lotus-motif-needlework-with-zari-pallu-korasutra'), 'https://cdn.shopify.com/s/files/1/0800/5258/4666/files/7A5FD986-FF7A-4534-ADDD-8152B3BD5FB4.jpg?v=1768891278', 'Purple Linen Handloom Jamdani Saree Lotus Motif Needlework With Zari Pallu', 1);
insert into public.product_images (product_id, url, alt_text, position) values ((select id from public.products where handle = 'purple-linen-handloom-jamdani-saree-lotus-motif-needlework-with-zari-pallu-korasutra'), 'https://cdn.shopify.com/s/files/1/0800/5258/4666/files/2C52B7A1-D90F-4866-A2BA-6FA598B89D59.jpg?v=1768891278', 'Purple Linen Handloom Jamdani Saree Lotus Motif Needlework With Zari Pallu', 2);
insert into public.product_images (product_id, url, alt_text, position) values ((select id from public.products where handle = 'purple-linen-handloom-jamdani-saree-lotus-motif-needlework-with-zari-pallu-korasutra'), 'https://cdn.shopify.com/s/files/1/0800/5258/4666/files/F500C595-2AE7-48B3-BFF5-6C1500387BDE.jpg?v=1768891279', 'Purple Linen Handloom Jamdani Saree Lotus Motif Needlework With Zari Pallu', 3);
insert into public.product_images (product_id, url, alt_text, position) values ((select id from public.products where handle = 'purple-linen-handloom-jamdani-saree-lotus-motif-needlework-with-zari-pallu-korasutra'), 'https://cdn.shopify.com/s/files/1/0800/5258/4666/files/EDF6A8D7-51D7-4CCA-9655-C04102232E34.jpg?v=1768891279', 'Purple Linen Handloom Jamdani Saree Lotus Motif Needlework With Zari Pallu', 4);
insert into public.product_variants (product_id, sku, title, option1_name, option1_value, option2_name, option2_value, price, compare_at_price, inventory_qty, track_inventory, position) values ((select id from public.products where handle = 'purple-linen-handloom-jamdani-saree-lotus-motif-needlework-with-zari-pallu-korasutra'), 'KSLNPE16', 'Default', null, null, null, null, 6625.00, null, 1, true, 0) on conflict (sku) do update set product_id = excluded.product_id, title = excluded.title, option1_name = excluded.option1_name, option1_value = excluded.option1_value, option2_name = excluded.option2_name, option2_value = excluded.option2_value, price = excluded.price, compare_at_price = excluded.compare_at_price, inventory_qty = excluded.inventory_qty, track_inventory = excluded.track_inventory, position = excluded.position;

-- white-linen-jamdani-saree-flower-motif-needlework-korasutra
insert into public.products (handle, title, description, short_description, category_id, fabric, technique, color, has_blouse_piece, status, price, compare_at_price, seo_title, seo_description, tags)
values ('white-linen-jamdani-saree-flower-motif-needlework-korasutra', 'White Linen Jamdani Saree Flower Motif Needlework', '<p><span>Shop White Linen Jamdani Saree with delicate flower motif needlework. Handcrafted elegance by Korasutra – perfect for festive and elegant occasions. <br>Apt for Party and Office <br></span></p>
<p><span>Length is 6.25m with blouse piece </span></p>', 'Shop White Linen Jamdani Saree with delicate flower motif needlework. Handcrafted elegance by Korasutra – perfect for festive and elegant occasions. 
Apt for Party and Office 


Le', (select id from public.categories where slug = 'sarees'), 'linen', null, 'white', true, 'active'::public.product_status, 4000.00, null, null, null, array[]::text[])
on conflict (handle) do update set title = excluded.title, description = excluded.description, short_description = excluded.short_description, category_id = excluded.category_id, fabric = excluded.fabric, technique = excluded.technique, color = excluded.color, has_blouse_piece = excluded.has_blouse_piece, status = excluded.status, price = excluded.price, compare_at_price = excluded.compare_at_price, seo_title = excluded.seo_title, seo_description = excluded.seo_description, tags = excluded.tags;
delete from public.product_images where product_id = (select id from public.products where handle = 'white-linen-jamdani-saree-flower-motif-needlework-korasutra');
insert into public.product_images (product_id, url, alt_text, position) values ((select id from public.products where handle = 'white-linen-jamdani-saree-flower-motif-needlework-korasutra'), 'https://cdn.shopify.com/s/files/1/0800/5258/4666/files/A204620E-DFC0-4490-B6D2-E995E40FB3B1.jpg?v=1768887295', 'White Linen Jamdani Saree Flower Motif Needlework', 0);
insert into public.product_images (product_id, url, alt_text, position) values ((select id from public.products where handle = 'white-linen-jamdani-saree-flower-motif-needlework-korasutra'), 'https://cdn.shopify.com/s/files/1/0800/5258/4666/files/16AB4718-7D74-4ABA-A0F8-0D429B53D022.jpg?v=1771465489', 'White Linen Jamdani Saree Flower Motif Needlework', 1);
insert into public.product_images (product_id, url, alt_text, position) values ((select id from public.products where handle = 'white-linen-jamdani-saree-flower-motif-needlework-korasutra'), 'https://cdn.shopify.com/s/files/1/0800/5258/4666/files/59AA0B78-F32F-4140-807D-3E2F14DB4973.jpg?v=1771465489', 'White Linen Jamdani Saree Flower Motif Needlework', 2);
insert into public.product_images (product_id, url, alt_text, position) values ((select id from public.products where handle = 'white-linen-jamdani-saree-flower-motif-needlework-korasutra'), 'https://cdn.shopify.com/s/files/1/0800/5258/4666/files/IMG-8749.jpg?v=1771465489', 'White Linen Jamdani Saree Flower Motif Needlework', 3);
insert into public.product_images (product_id, url, alt_text, position) values ((select id from public.products where handle = 'white-linen-jamdani-saree-flower-motif-needlework-korasutra'), 'https://cdn.shopify.com/s/files/1/0800/5258/4666/files/IMG-8750.jpg?v=1771465489', 'White Linen Jamdani Saree Flower Motif Needlework', 4);
insert into public.product_variants (product_id, sku, title, option1_name, option1_value, option2_name, option2_value, price, compare_at_price, inventory_qty, track_inventory, position) values ((select id from public.products where handle = 'white-linen-jamdani-saree-flower-motif-needlework-korasutra'), 'KSLNWE11', 'Default', null, null, null, null, 4000.00, null, 1, true, 0) on conflict (sku) do update set product_id = excluded.product_id, title = excluded.title, option1_name = excluded.option1_name, option1_value = excluded.option1_value, option2_name = excluded.option2_name, option2_value = excluded.option2_value, price = excluded.price, compare_at_price = excluded.compare_at_price, inventory_qty = excluded.inventory_qty, track_inventory = excluded.track_inventory, position = excluded.position;

-- white-linen-handloom-jamdani-saree-lotus-motif-needlework-with-zari-pallu-korasutra
insert into public.products (handle, title, description, short_description, category_id, fabric, technique, color, has_blouse_piece, status, price, compare_at_price, seo_title, seo_description, tags)
values ('white-linen-handloom-jamdani-saree-lotus-motif-needlework-with-zari-pallu-korasutra', 'White Linen Handloom Jamdani Saree Lotus Motif Needlework With Zari Pallu', '<p><span>Buy white linen handloom Jamdani saree with lotus motif needlework and rich zari pallu. Premium handcrafted sarees by Korasutra.</span></p>
<p><span>Length is 6.5m with blouse piece </span></p>', 'Buy white linen handloom Jamdani saree with lotus motif needlework and rich zari pallu. Premium handcrafted sarees by Korasutra.

Length is 6.5m with blouse piece', (select id from public.categories where slug = 'sarees'), 'linen', null, 'white', true, 'active'::public.product_status, 6625.00, null, null, null, array[]::text[])
on conflict (handle) do update set title = excluded.title, description = excluded.description, short_description = excluded.short_description, category_id = excluded.category_id, fabric = excluded.fabric, technique = excluded.technique, color = excluded.color, has_blouse_piece = excluded.has_blouse_piece, status = excluded.status, price = excluded.price, compare_at_price = excluded.compare_at_price, seo_title = excluded.seo_title, seo_description = excluded.seo_description, tags = excluded.tags;
delete from public.product_images where product_id = (select id from public.products where handle = 'white-linen-handloom-jamdani-saree-lotus-motif-needlework-with-zari-pallu-korasutra');
insert into public.product_images (product_id, url, alt_text, position) values ((select id from public.products where handle = 'white-linen-handloom-jamdani-saree-lotus-motif-needlework-with-zari-pallu-korasutra'), 'https://cdn.shopify.com/s/files/1/0800/5258/4666/files/4A40BE21-B036-4CD5-A971-EA71F0C5DCDA.jpg?v=1771685929', 'White Linen Handloom Jamdani Saree Lotus Motif Needlework With Zari Pallu', 0);
insert into public.product_images (product_id, url, alt_text, position) values ((select id from public.products where handle = 'white-linen-handloom-jamdani-saree-lotus-motif-needlework-with-zari-pallu-korasutra'), 'https://cdn.shopify.com/s/files/1/0800/5258/4666/files/FullSizeRender_099e66bd-be38-43a1-a2b3-d2dec4fc424d.jpg?v=1771685929', 'White Linen Handloom Jamdani Saree Lotus Motif Needlework With Zari Pallu', 1);
insert into public.product_images (product_id, url, alt_text, position) values ((select id from public.products where handle = 'white-linen-handloom-jamdani-saree-lotus-motif-needlework-with-zari-pallu-korasutra'), 'https://cdn.shopify.com/s/files/1/0800/5258/4666/files/F5A36FA2-70DD-4839-BFC1-76ECBFF4B3B3.jpg?v=1771685929', 'White Linen Handloom Jamdani Saree Lotus Motif Needlework With Zari Pallu', 2);
insert into public.product_images (product_id, url, alt_text, position) values ((select id from public.products where handle = 'white-linen-handloom-jamdani-saree-lotus-motif-needlework-with-zari-pallu-korasutra'), 'https://cdn.shopify.com/s/files/1/0800/5258/4666/files/4CDA9CD3-9E93-4C84-9C5C-C40079CB3D6B.jpg?v=1771685929', 'White Linen Handloom Jamdani Saree Lotus Motif Needlework With Zari Pallu', 3);
insert into public.product_images (product_id, url, alt_text, position) values ((select id from public.products where handle = 'white-linen-handloom-jamdani-saree-lotus-motif-needlework-with-zari-pallu-korasutra'), 'https://cdn.shopify.com/s/files/1/0800/5258/4666/files/IMG-8745.jpg?v=1771685929', 'White Linen Handloom Jamdani Saree Lotus Motif Needlework With Zari Pallu', 4);
insert into public.product_variants (product_id, sku, title, option1_name, option1_value, option2_name, option2_value, price, compare_at_price, inventory_qty, track_inventory, position) values ((select id from public.products where handle = 'white-linen-handloom-jamdani-saree-lotus-motif-needlework-with-zari-pallu-korasutra'), 'KSLNWE14', 'Default', null, null, null, null, 6625.00, null, 1, true, 0) on conflict (sku) do update set product_id = excluded.product_id, title = excluded.title, option1_name = excluded.option1_name, option1_value = excluded.option1_value, option2_name = excluded.option2_name, option2_value = excluded.option2_value, price = excluded.price, compare_at_price = excluded.compare_at_price, inventory_qty = excluded.inventory_qty, track_inventory = excluded.track_inventory, position = excluded.position;

-- red-and-black-pure-silk-block-print-saree-with-geometric-pattern-korasutra
insert into public.products (handle, title, description, short_description, category_id, fabric, technique, color, has_blouse_piece, status, price, compare_at_price, seo_title, seo_description, tags)
values ('red-and-black-pure-silk-block-print-saree-with-geometric-pattern-korasutra', 'Red And Black Pure Silk Block Print Saree With Geometric Pattern', '<p><span>Elevate your ethnic wardrobe with this stunning Red and Black Pure Silk Block Print Saree from Korasutra. Crafted from luxurious pure silk, this saree showcases an elegant geometric block print pattern in rich red and deep black tones, creating a bold yet timeless appeal. The smooth, lustrous fabric drapes beautifully, offering both comfort and sophistication for festive occasions, weddings, parties, and cultural celebrations. Apt for Party and Office <br></span>Length 6.5 m with blouse piece</p>', 'Elevate your ethnic wardrobe with this stunning Red and Black Pure Silk Block Print Saree from Korasutra. Crafted from luxurious pure silk, this saree showcases an elegant geometri', (select id from public.categories where slug = 'sarees'), 'silk', null, 'red; black', true, 'active'::public.product_status, 7499.00, null, null, null, array[]::text[])
on conflict (handle) do update set title = excluded.title, description = excluded.description, short_description = excluded.short_description, category_id = excluded.category_id, fabric = excluded.fabric, technique = excluded.technique, color = excluded.color, has_blouse_piece = excluded.has_blouse_piece, status = excluded.status, price = excluded.price, compare_at_price = excluded.compare_at_price, seo_title = excluded.seo_title, seo_description = excluded.seo_description, tags = excluded.tags;
delete from public.product_images where product_id = (select id from public.products where handle = 'red-and-black-pure-silk-block-print-saree-with-geometric-pattern-korasutra');
insert into public.product_images (product_id, url, alt_text, position) values ((select id from public.products where handle = 'red-and-black-pure-silk-block-print-saree-with-geometric-pattern-korasutra'), 'https://cdn.shopify.com/s/files/1/0800/5258/4666/files/FullSizeRender_04b41a91-28ec-4f95-a4ff-65660b428a41.jpg?v=1771635326', 'Red And Black Pure Silk Block Print Saree With Geometric Pattern', 0);
insert into public.product_images (product_id, url, alt_text, position) values ((select id from public.products where handle = 'red-and-black-pure-silk-block-print-saree-with-geometric-pattern-korasutra'), 'https://cdn.shopify.com/s/files/1/0800/5258/4666/files/690FAF12-2D91-497A-AAF1-47F26925006A.jpg?v=1771635326', 'Red And Black Pure Silk Block Print Saree With Geometric Pattern', 1);
insert into public.product_images (product_id, url, alt_text, position) values ((select id from public.products where handle = 'red-and-black-pure-silk-block-print-saree-with-geometric-pattern-korasutra'), 'https://cdn.shopify.com/s/files/1/0800/5258/4666/files/52704F23-AB47-4032-9A53-E930CC949C18.jpg?v=1771635326', 'Red And Black Pure Silk Block Print Saree With Geometric Pattern', 2);
insert into public.product_images (product_id, url, alt_text, position) values ((select id from public.products where handle = 'red-and-black-pure-silk-block-print-saree-with-geometric-pattern-korasutra'), 'https://cdn.shopify.com/s/files/1/0800/5258/4666/files/F63BC693-41B0-44E1-9B1C-A37CC5C55231.jpg?v=1771635326', 'Red And Black Pure Silk Block Print Saree With Geometric Pattern', 3);
insert into public.product_images (product_id, url, alt_text, position) values ((select id from public.products where handle = 'red-and-black-pure-silk-block-print-saree-with-geometric-pattern-korasutra'), 'https://cdn.shopify.com/s/files/1/0800/5258/4666/files/0784A46C-F2EC-48EE-A63C-293DA1025AEE.jpg?v=1771635326', 'Red And Black Pure Silk Block Print Saree With Geometric Pattern', 4);
insert into public.product_variants (product_id, sku, title, option1_name, option1_value, option2_name, option2_value, price, compare_at_price, inventory_qty, track_inventory, position) values ((select id from public.products where handle = 'red-and-black-pure-silk-block-print-saree-with-geometric-pattern-korasutra'), 'KS-RED-AND-BLACK-PURE-SILK-BLOCK-PRINT-SAREE-WITH-GEOMETRIC-PATTERN-KORASUTRA-1', 'Default', null, null, null, null, 7499.00, null, 1, true, 0) on conflict (sku) do update set product_id = excluded.product_id, title = excluded.title, option1_name = excluded.option1_name, option1_value = excluded.option1_value, option2_name = excluded.option2_name, option2_value = excluded.option2_value, price = excluded.price, compare_at_price = excluded.compare_at_price, inventory_qty = excluded.inventory_qty, track_inventory = excluded.track_inventory, position = excluded.position;

-- grey-and-pink-pure-silk-hand-batik-print-saree-with-floral-motif-korasutra
insert into public.products (handle, title, description, short_description, category_id, fabric, technique, color, has_blouse_piece, status, price, compare_at_price, seo_title, seo_description, tags)
values ('grey-and-pink-pure-silk-hand-batik-print-saree-with-floral-motif-korasutra', 'Grey and Pink Pure Silk Hand Batik Print Saree With Floral Motif Half & Half', '<p><span>Add timeless elegance to your wardrobe with this Yellow and Green Pure Silk Hand Batik Print Saree from Korasutra. Crafted from luxurious pure silk, this exquisite saree features a hand-batik with block print floral motif that blends traditional artistry with contemporary charm. The vibrant yellow and soothing green hues create a striking contrast, making it perfect for festive occasions, weddings, parties, and cultural celebrations.</span></p>
<p><span>Length 6.5 m with blouse piece</span></p>', 'Add timeless elegance to your wardrobe with this Yellow and Green Pure Silk Hand Batik Print Saree from Korasutra. Crafted from luxurious pure silk, this exquisite saree features a', (select id from public.categories where slug = 'sarees'), 'silk', null, 'grey; pink', true, 'active'::public.product_status, 7750.00, null, null, null, array[]::text[])
on conflict (handle) do update set title = excluded.title, description = excluded.description, short_description = excluded.short_description, category_id = excluded.category_id, fabric = excluded.fabric, technique = excluded.technique, color = excluded.color, has_blouse_piece = excluded.has_blouse_piece, status = excluded.status, price = excluded.price, compare_at_price = excluded.compare_at_price, seo_title = excluded.seo_title, seo_description = excluded.seo_description, tags = excluded.tags;
delete from public.product_images where product_id = (select id from public.products where handle = 'grey-and-pink-pure-silk-hand-batik-print-saree-with-floral-motif-korasutra');
insert into public.product_images (product_id, url, alt_text, position) values ((select id from public.products where handle = 'grey-and-pink-pure-silk-hand-batik-print-saree-with-floral-motif-korasutra'), 'https://cdn.shopify.com/s/files/1/0800/5258/4666/files/3079C517-5627-4A44-86F2-5C067F499CA0.jpg?v=1771686243', 'Grey and Pink Pure Silk Hand Batik Print Saree With Floral Motif Half & Half', 0);
insert into public.product_images (product_id, url, alt_text, position) values ((select id from public.products where handle = 'grey-and-pink-pure-silk-hand-batik-print-saree-with-floral-motif-korasutra'), 'https://cdn.shopify.com/s/files/1/0800/5258/4666/files/FullSizeRender_dd52c474-b97e-44df-a128-a587662ce824.jpg?v=1771686243', 'Grey and Pink Pure Silk Hand Batik Print Saree With Floral Motif Half & Half', 1);
insert into public.product_images (product_id, url, alt_text, position) values ((select id from public.products where handle = 'grey-and-pink-pure-silk-hand-batik-print-saree-with-floral-motif-korasutra'), 'https://cdn.shopify.com/s/files/1/0800/5258/4666/files/919F05AC-DDBD-42B3-91AB-D3488887AEFA.jpg?v=1771686243', 'Grey and Pink Pure Silk Hand Batik Print Saree With Floral Motif Half & Half', 2);
insert into public.product_images (product_id, url, alt_text, position) values ((select id from public.products where handle = 'grey-and-pink-pure-silk-hand-batik-print-saree-with-floral-motif-korasutra'), 'https://cdn.shopify.com/s/files/1/0800/5258/4666/files/A044BE73-E20A-47F8-A46C-FEA7E5D387A6.jpg?v=1771686243', 'Grey and Pink Pure Silk Hand Batik Print Saree With Floral Motif Half & Half', 3);
insert into public.product_images (product_id, url, alt_text, position) values ((select id from public.products where handle = 'grey-and-pink-pure-silk-hand-batik-print-saree-with-floral-motif-korasutra'), 'https://cdn.shopify.com/s/files/1/0800/5258/4666/files/1BB78D8B-4D95-49D4-A6CD-4E35E8C2FF60.jpg?v=1771686243', 'Grey and Pink Pure Silk Hand Batik Print Saree With Floral Motif Half & Half', 4);
insert into public.product_variants (product_id, sku, title, option1_name, option1_value, option2_name, option2_value, price, compare_at_price, inventory_qty, track_inventory, position) values ((select id from public.products where handle = 'grey-and-pink-pure-silk-hand-batik-print-saree-with-floral-motif-korasutra'), 'KS-GREY-AND-PINK-PURE-SILK-HAND-BATIK-PRINT-SAREE-WITH-FLORAL-MOTIF-KORASUTRA-1', 'Default', null, null, null, null, 7750.00, null, 1, true, 0) on conflict (sku) do update set product_id = excluded.product_id, title = excluded.title, option1_name = excluded.option1_name, option1_value = excluded.option1_value, option2_name = excluded.option2_name, option2_value = excluded.option2_value, price = excluded.price, compare_at_price = excluded.compare_at_price, inventory_qty = excluded.inventory_qty, track_inventory = excluded.track_inventory, position = excluded.position;

-- yellow-and-green-pure-silk-hand-batik-print-saree-with-floral-motif-korasutra
insert into public.products (handle, title, description, short_description, category_id, fabric, technique, color, has_blouse_piece, status, price, compare_at_price, seo_title, seo_description, tags)
values ('yellow-and-green-pure-silk-hand-batik-print-saree-with-floral-motif-korasutra', 'Yellow and Green Pure Silk Hand Batik Print Saree With Floral Motif Half & Half', '<p><span>Add timeless elegance to your wardrobe with this exquisite Yellow and Green Pure Silk Hand Batik Print Saree. Crafted from premium pure silk, this saree features a vibrant floral motif created using traditional hand batik techniques, making each piece uniquely beautiful. The rich mustard yellow border perfectly complements the lush green base, while the multicolored floral patterns add a graceful, artistic touch. Length 6.5 m with blouse piece </span></p>', 'Add timeless elegance to your wardrobe with this exquisite Yellow and Green Pure Silk Hand Batik Print Saree. Crafted from premium pure silk, this saree features a vibrant floral m', (select id from public.categories where slug = 'sarees'), 'silk', null, 'yellow; green; blue', true, 'active'::public.product_status, 7750.00, null, null, null, array[]::text[])
on conflict (handle) do update set title = excluded.title, description = excluded.description, short_description = excluded.short_description, category_id = excluded.category_id, fabric = excluded.fabric, technique = excluded.technique, color = excluded.color, has_blouse_piece = excluded.has_blouse_piece, status = excluded.status, price = excluded.price, compare_at_price = excluded.compare_at_price, seo_title = excluded.seo_title, seo_description = excluded.seo_description, tags = excluded.tags;
delete from public.product_images where product_id = (select id from public.products where handle = 'yellow-and-green-pure-silk-hand-batik-print-saree-with-floral-motif-korasutra');
insert into public.product_images (product_id, url, alt_text, position) values ((select id from public.products where handle = 'yellow-and-green-pure-silk-hand-batik-print-saree-with-floral-motif-korasutra'), 'https://cdn.shopify.com/s/files/1/0800/5258/4666/files/45408D98-FB70-4F7B-AFCB-A5E96FB246D3.jpg?v=1768792239', 'Yellow and Green Pure Silk Hand Batik Print Saree With Floral Motif Half & Half', 0);
insert into public.product_images (product_id, url, alt_text, position) values ((select id from public.products where handle = 'yellow-and-green-pure-silk-hand-batik-print-saree-with-floral-motif-korasutra'), 'https://cdn.shopify.com/s/files/1/0800/5258/4666/files/C4AD94B3-CECD-4F0E-83B3-1B34688370F8.jpg?v=1768792239', 'Yellow and Green Pure Silk Hand Batik Print Saree With Floral Motif Half & Half', 1);
insert into public.product_images (product_id, url, alt_text, position) values ((select id from public.products where handle = 'yellow-and-green-pure-silk-hand-batik-print-saree-with-floral-motif-korasutra'), 'https://cdn.shopify.com/s/files/1/0800/5258/4666/files/F3022610-C66F-429C-A480-1A69B14A009E.jpg?v=1768792239', 'Yellow and Green Pure Silk Hand Batik Print Saree With Floral Motif Half & Half', 2);
insert into public.product_images (product_id, url, alt_text, position) values ((select id from public.products where handle = 'yellow-and-green-pure-silk-hand-batik-print-saree-with-floral-motif-korasutra'), 'https://cdn.shopify.com/s/files/1/0800/5258/4666/files/B7E6BF97-D1F9-4486-A784-8400644D1D8E.jpg?v=1768792239', 'Yellow and Green Pure Silk Hand Batik Print Saree With Floral Motif Half & Half', 3);
insert into public.product_images (product_id, url, alt_text, position) values ((select id from public.products where handle = 'yellow-and-green-pure-silk-hand-batik-print-saree-with-floral-motif-korasutra'), 'https://cdn.shopify.com/s/files/1/0800/5258/4666/files/2A5425AF-D57B-455B-94D8-275F5BFB0ECA.png?v=1768792239', 'Yellow and Green Pure Silk Hand Batik Print Saree With Floral Motif Half & Half', 4);
insert into public.product_variants (product_id, sku, title, option1_name, option1_value, option2_name, option2_value, price, compare_at_price, inventory_qty, track_inventory, position) values ((select id from public.products where handle = 'yellow-and-green-pure-silk-hand-batik-print-saree-with-floral-motif-korasutra'), 'KS-YELLOW-AND-GREEN-PURE-SILK-HAND-BATIK-PRINT-SAREE-WITH-FLORAL-MOTIF-KORASUTRA-1', 'Default', null, null, null, null, 7750.00, null, 0, true, 0) on conflict (sku) do update set product_id = excluded.product_id, title = excluded.title, option1_name = excluded.option1_name, option1_value = excluded.option1_value, option2_name = excluded.option2_name, option2_value = excluded.option2_value, price = excluded.price, compare_at_price = excluded.compare_at_price, inventory_qty = excluded.inventory_qty, track_inventory = excluded.track_inventory, position = excluded.position;

-- untitled-jan18_22-51
insert into public.products (handle, title, description, short_description, category_id, fabric, technique, color, has_blouse_piece, status, price, compare_at_price, seo_title, seo_description, tags)
values ('untitled-jan18_22-51', 'Green And Beige Pure Bishnupuri Silk Hand Print Batik Saree With Leaf Motif', '<p><span>Shop the Green and Beige Pure Bishnupuri Silk Hand Batik Print Saree with leaf motifs at Korasutra. Handcrafted elegance, perfect for Office and casual wear.</span></p>
<p><span>Length 6.5m with blouse piece </span></p>', 'Shop the Green and Beige Pure Bishnupuri Silk Hand Batik Print Saree with leaf motifs at Korasutra. Handcrafted elegance, perfect for Office and casual wear.

Length 6.5m with blou', (select id from public.categories where slug = 'sarees'), 'silk', null, 'beige; green', true, 'active'::public.product_status, 9000.00, null, null, null, array[]::text[])
on conflict (handle) do update set title = excluded.title, description = excluded.description, short_description = excluded.short_description, category_id = excluded.category_id, fabric = excluded.fabric, technique = excluded.technique, color = excluded.color, has_blouse_piece = excluded.has_blouse_piece, status = excluded.status, price = excluded.price, compare_at_price = excluded.compare_at_price, seo_title = excluded.seo_title, seo_description = excluded.seo_description, tags = excluded.tags;
delete from public.product_images where product_id = (select id from public.products where handle = 'untitled-jan18_22-51');
insert into public.product_images (product_id, url, alt_text, position) values ((select id from public.products where handle = 'untitled-jan18_22-51'), 'https://cdn.shopify.com/s/files/1/0800/5258/4666/files/FullSizeRender_84489d31-b01f-4b77-a9ae-98002af3433c.jpg?v=1771729502', 'Green And Beige Pure Bishnupuri Silk Hand Print Batik Saree With Leaf Motif', 0);
insert into public.product_images (product_id, url, alt_text, position) values ((select id from public.products where handle = 'untitled-jan18_22-51'), 'https://cdn.shopify.com/s/files/1/0800/5258/4666/files/AF9F47F6-D2B3-48DF-9087-F1D504924294.jpg?v=1771729502', 'Green And Beige Pure Bishnupuri Silk Hand Print Batik Saree With Leaf Motif', 1);
insert into public.product_images (product_id, url, alt_text, position) values ((select id from public.products where handle = 'untitled-jan18_22-51'), 'https://cdn.shopify.com/s/files/1/0800/5258/4666/files/982E9791-676A-467B-8548-AA16F4EC9C77.png?v=1771729502', 'Green And Beige Pure Bishnupuri Silk Hand Print Batik Saree With Leaf Motif', 2);
insert into public.product_images (product_id, url, alt_text, position) values ((select id from public.products where handle = 'untitled-jan18_22-51'), 'https://cdn.shopify.com/s/files/1/0800/5258/4666/files/D6AFECB8-89A3-42D5-BAD6-F6EA143CDF44.jpg?v=1771635541', 'Green And Beige Pure Bishnupuri Silk Hand Print Batik Saree With Leaf Motif', 3);
insert into public.product_images (product_id, url, alt_text, position) values ((select id from public.products where handle = 'untitled-jan18_22-51'), 'https://cdn.shopify.com/s/files/1/0800/5258/4666/files/86E57D83-5F4D-48BC-8265-DEA6E51984BF.jpg?v=1771635541', 'Green And Beige Pure Bishnupuri Silk Hand Print Batik Saree With Leaf Motif', 4);
insert into public.product_variants (product_id, sku, title, option1_name, option1_value, option2_name, option2_value, price, compare_at_price, inventory_qty, track_inventory, position) values ((select id from public.products where handle = 'untitled-jan18_22-51'), 'KS-UNTITLED-JAN18-22-51-1', 'Default', null, null, null, null, 9000.00, null, 1, true, 0) on conflict (sku) do update set product_id = excluded.product_id, title = excluded.title, option1_name = excluded.option1_name, option1_value = excluded.option1_value, option2_name = excluded.option2_name, option2_value = excluded.option2_value, price = excluded.price, compare_at_price = excluded.compare_at_price, inventory_qty = excluded.inventory_qty, track_inventory = excluded.track_inventory, position = excluded.position;

-- untitled-jan17_19-40
insert into public.products (handle, title, description, short_description, category_id, fabric, technique, color, has_blouse_piece, status, price, compare_at_price, seo_title, seo_description, tags)
values ('untitled-jan17_19-40', 'Peach Pink Linen Muslin Silk Saree With Bird Motifs', '<p><span>Shop the Peach Pink Silk Linen Saree with bird motifs at Korasutra. A graceful blend of silk and linen, perfect for festive, office, and casual wear.<br></span>Length with blouse piece 6.5m</p>', 'Shop the Peach Pink Silk Linen Saree with bird motifs at Korasutra. A graceful blend of silk and linen, perfect for festive, office, and casual wear.
Length with blouse piece 6.5m', (select id from public.categories where slug = 'sarees'), 'silk-linen', null, 'peach', true, 'active'::public.product_status, 9750.00, null, null, null, array[]::text[])
on conflict (handle) do update set title = excluded.title, description = excluded.description, short_description = excluded.short_description, category_id = excluded.category_id, fabric = excluded.fabric, technique = excluded.technique, color = excluded.color, has_blouse_piece = excluded.has_blouse_piece, status = excluded.status, price = excluded.price, compare_at_price = excluded.compare_at_price, seo_title = excluded.seo_title, seo_description = excluded.seo_description, tags = excluded.tags;
delete from public.product_images where product_id = (select id from public.products where handle = 'untitled-jan17_19-40');
insert into public.product_images (product_id, url, alt_text, position) values ((select id from public.products where handle = 'untitled-jan17_19-40'), 'https://cdn.shopify.com/s/files/1/0800/5258/4666/files/647C013B-30B1-4F40-A96B-FD658E703FEF.jpg?v=1768918527', 'Peach Pink Linen Muslin Silk Saree With Bird Motifs', 0);
insert into public.product_images (product_id, url, alt_text, position) values ((select id from public.products where handle = 'untitled-jan17_19-40'), 'https://cdn.shopify.com/s/files/1/0800/5258/4666/files/286E4CF4-2B24-49A7-8A18-33607D6B7B7C.jpg?v=1768918528', 'Peach Pink Linen Muslin Silk Saree With Bird Motifs', 1);
insert into public.product_images (product_id, url, alt_text, position) values ((select id from public.products where handle = 'untitled-jan17_19-40'), 'https://cdn.shopify.com/s/files/1/0800/5258/4666/files/D748C78A-EB0D-4758-B586-AF5511513859.jpg?v=1768918528', 'Peach Pink Linen Muslin Silk Saree With Bird Motifs', 2);
insert into public.product_images (product_id, url, alt_text, position) values ((select id from public.products where handle = 'untitled-jan17_19-40'), 'https://cdn.shopify.com/s/files/1/0800/5258/4666/files/23456A56-071C-40E9-8410-8A87F777431B.jpg?v=1768918529', 'Peach Pink Linen Muslin Silk Saree With Bird Motifs', 3);
insert into public.product_images (product_id, url, alt_text, position) values ((select id from public.products where handle = 'untitled-jan17_19-40'), 'https://cdn.shopify.com/s/files/1/0800/5258/4666/files/F961D234-EC36-4346-8623-026AAA21D633.jpg?v=1768918528', 'Peach Pink Linen Muslin Silk Saree With Bird Motifs', 4);
insert into public.product_variants (product_id, sku, title, option1_name, option1_value, option2_name, option2_value, price, compare_at_price, inventory_qty, track_inventory, position) values ((select id from public.products where handle = 'untitled-jan17_19-40'), 'KSLNPH18', 'Default', null, null, null, null, 9750.00, null, 1, true, 0) on conflict (sku) do update set product_id = excluded.product_id, title = excluded.title, option1_name = excluded.option1_name, option1_value = excluded.option1_value, option2_name = excluded.option2_name, option2_value = excluded.option2_value, price = excluded.price, compare_at_price = excluded.compare_at_price, inventory_qty = excluded.inventory_qty, track_inventory = excluded.track_inventory, position = excluded.position;

-- black-and-yellow-pure-silk-block-print-geometric-pattern-korasutra
insert into public.products (handle, title, description, short_description, category_id, fabric, technique, color, has_blouse_piece, status, price, compare_at_price, seo_title, seo_description, tags)
values ('black-and-yellow-pure-silk-block-print-geometric-pattern-korasutra', 'Black and yellow pure silk block print Saree with geometric pattern', '<p><span>Elevate your ethnic wardrobe with this elegant black and yellow pure silk saree, featuring a timeless hand block print geometric pattern. Crafted from luxurious pure silk, this saree offers a soft, smooth texture with a graceful drape that enhances its rich appeal.</span></p>
<p><span>Length is 6.5m with blouse piece</span></p>', 'Elevate your ethnic wardrobe with this elegant black and yellow pure silk saree, featuring a timeless hand block print geometric pattern. Crafted from luxurious pure silk, this sar', (select id from public.categories where slug = 'sarees'), 'silk', null, 'yellow; black', true, 'active'::public.product_status, 7250.00, null, null, null, array[]::text[])
on conflict (handle) do update set title = excluded.title, description = excluded.description, short_description = excluded.short_description, category_id = excluded.category_id, fabric = excluded.fabric, technique = excluded.technique, color = excluded.color, has_blouse_piece = excluded.has_blouse_piece, status = excluded.status, price = excluded.price, compare_at_price = excluded.compare_at_price, seo_title = excluded.seo_title, seo_description = excluded.seo_description, tags = excluded.tags;
delete from public.product_images where product_id = (select id from public.products where handle = 'black-and-yellow-pure-silk-block-print-geometric-pattern-korasutra');
insert into public.product_images (product_id, url, alt_text, position) values ((select id from public.products where handle = 'black-and-yellow-pure-silk-block-print-geometric-pattern-korasutra'), 'https://cdn.shopify.com/s/files/1/0800/5258/4666/files/E05E8C5E-11E8-4402-89ED-039F371B3638.png?v=1768658644', 'Black and yellow pure silk block print Saree with geometric pattern', 0);
insert into public.product_images (product_id, url, alt_text, position) values ((select id from public.products where handle = 'black-and-yellow-pure-silk-block-print-geometric-pattern-korasutra'), 'https://cdn.shopify.com/s/files/1/0800/5258/4666/files/7B767472-364A-451D-AD73-FB03546A3B4C.png?v=1768658741', 'Black and yellow pure silk block print Saree with geometric pattern', 1);
insert into public.product_images (product_id, url, alt_text, position) values ((select id from public.products where handle = 'black-and-yellow-pure-silk-block-print-geometric-pattern-korasutra'), 'https://cdn.shopify.com/s/files/1/0800/5258/4666/files/ED107591-3CDB-4042-9150-B9E6DD151DE3.png?v=1768658644', 'Black and yellow pure silk block print Saree with geometric pattern', 2);
insert into public.product_images (product_id, url, alt_text, position) values ((select id from public.products where handle = 'black-and-yellow-pure-silk-block-print-geometric-pattern-korasutra'), 'https://cdn.shopify.com/s/files/1/0800/5258/4666/files/9CE58A29-A3C3-4A95-8708-4023596A07A0.jpg?v=1768658645', 'Black and yellow pure silk block print Saree with geometric pattern', 3);
insert into public.product_images (product_id, url, alt_text, position) values ((select id from public.products where handle = 'black-and-yellow-pure-silk-block-print-geometric-pattern-korasutra'), 'https://cdn.shopify.com/s/files/1/0800/5258/4666/files/F7BBC477-2479-4DBD-9852-19238B6759B3.jpg?v=1768658644', 'Black and yellow pure silk block print Saree with geometric pattern', 4);
insert into public.product_variants (product_id, sku, title, option1_name, option1_value, option2_name, option2_value, price, compare_at_price, inventory_qty, track_inventory, position) values ((select id from public.products where handle = 'black-and-yellow-pure-silk-block-print-geometric-pattern-korasutra'), 'KS-BLACK-AND-YELLOW-PURE-SILK-BLOCK-PRINT-GEOMETRIC-PATTERN-KORASUTRA-1', 'Default', null, null, null, null, 7250.00, null, 1, true, 0) on conflict (sku) do update set product_id = excluded.product_id, title = excluded.title, option1_name = excluded.option1_name, option1_value = excluded.option1_value, option2_name = excluded.option2_name, option2_value = excluded.option2_value, price = excluded.price, compare_at_price = excluded.compare_at_price, inventory_qty = excluded.inventory_qty, track_inventory = excluded.track_inventory, position = excluded.position;

-- white-tussar-saree-with-pink-geometric-motifs-korasutra
insert into public.products (handle, title, description, short_description, category_id, fabric, technique, color, has_blouse_piece, status, price, compare_at_price, seo_title, seo_description, tags)
values ('white-tussar-saree-with-pink-geometric-motifs-korasutra', 'White Tussar Saree With Pink Geometric Motifs Block Print', '<article class="text-token-text-primary w-full focus:outline-none [--shadow-height:45px] has-data-writing-block:pointer-events-none has-data-writing-block:-mt-(--shadow-height) has-data-writing-block:pt-(--shadow-height) [&amp;:has([data-writing-block])&gt;*]:pointer-events-auto scroll-mt-(--header-height)" dir="auto" data-turn-id="b832b6c1-6426-44ea-945b-b986449639a9" data-testid="conversation-turn-1" data-scroll-anchor="false" data-turn="user" tabindex="-1">
<div class="text-base my-auto mx-auto pt-3 [--thread-content-margin:--spacing(4)] @w-sm/main:[--thread-content-margin:--spacing(6)] @w-lg/main:[--thread-content-margin:--spacing(16)] px-(--thread-content-margin)">
<div class="[--thread-content-max-width:40rem] @w-lg/main:[--thread-content-max-width:48rem] mx-auto max-w-(--thread-content-max-width) flex-1 group/turn-messages focus-visible:outline-hidden relative flex w-full min-w-0 flex-col" tabindex="-1">
<div class="flex max-w-full flex-col grow">
<div data-message-author-role="user" data-message-id="b832b6c1-6426-44ea-945b-b986449639a9" dir="auto" class="min-h-8 text-message relative flex w-full flex-col items-end gap-2 text-start break-words whitespace-normal [.text-message+&amp;]:mt-1">
<div class="flex w-full flex-col gap-1 empty:hidden items-end rtl:items-start">
<div class="user-message-bubble-color corner-superellipse/1.1 relative rounded-[18px] px-4 py-1.5 data-[multiline]:py-3 rounded-se-lg max-w-[var(--user-chat-width,70%)]">
<div class="whitespace-pre-wrap"><span style="font-size: 0.875rem;">Elevate your ethnic wardrobe with this elegant white Tussar silk saree adorned with contemporary pink geometric motifs. Crafted in natural Tussar silk, the saree offers a rich texture with a soft, breathable drape. The contrasting pink border and pallu add a refined pop of color, making it perfect for festive occasions, cultural gatherings, and graceful day wear. A timeless blend of tradition and modern design, ideal for women who appreciate understated luxury and artisanal craftsmanship.</span></div>
<div class="whitespace-pre-wrap"><span style="font-size: 0.875rem;"></span></div>
<div class="whitespace-pre-wrap"><span style="font-size: 0.875rem;">Length is 6.5 m with blouse piece </span></div>
</div>
</div>
</div>
</div>
</div>
</div>
</article>', 'Elevate your ethnic wardrobe with this elegant white Tussar silk saree adorned with contemporary pink geometric motifs. Crafted in natural Tussar silk, the saree offers a rich text', (select id from public.categories where slug = 'sarees'), 'tussar', null, 'white; pink', true, 'active'::public.product_status, 8499.00, null, null, null, array[]::text[])
on conflict (handle) do update set title = excluded.title, description = excluded.description, short_description = excluded.short_description, category_id = excluded.category_id, fabric = excluded.fabric, technique = excluded.technique, color = excluded.color, has_blouse_piece = excluded.has_blouse_piece, status = excluded.status, price = excluded.price, compare_at_price = excluded.compare_at_price, seo_title = excluded.seo_title, seo_description = excluded.seo_description, tags = excluded.tags;
delete from public.product_images where product_id = (select id from public.products where handle = 'white-tussar-saree-with-pink-geometric-motifs-korasutra');
insert into public.product_images (product_id, url, alt_text, position) values ((select id from public.products where handle = 'white-tussar-saree-with-pink-geometric-motifs-korasutra'), 'https://cdn.shopify.com/s/files/1/0800/5258/4666/files/IMG_8369.jpg?v=1768055835', 'White Tussar Saree With Pink Geometric Motifs Block Print', 0);
insert into public.product_images (product_id, url, alt_text, position) values ((select id from public.products where handle = 'white-tussar-saree-with-pink-geometric-motifs-korasutra'), 'https://cdn.shopify.com/s/files/1/0800/5258/4666/files/4A0CA160-A552-48CA-9FDC-4BA1838B99AA.jpg?v=1768056038', 'White Tussar Saree With Pink Geometric Motifs Block Print', 1);
insert into public.product_images (product_id, url, alt_text, position) values ((select id from public.products where handle = 'white-tussar-saree-with-pink-geometric-motifs-korasutra'), 'https://cdn.shopify.com/s/files/1/0800/5258/4666/files/A85564B2-07A2-484F-B94A-A88E68FB70A8.jpg?v=1768056025', 'White Tussar Saree With Pink Geometric Motifs Block Print', 2);
insert into public.product_images (product_id, url, alt_text, position) values ((select id from public.products where handle = 'white-tussar-saree-with-pink-geometric-motifs-korasutra'), 'https://cdn.shopify.com/s/files/1/0800/5258/4666/files/45DFF6A6-F4F4-41A9-A9D5-6632DFE22549.jpg?v=1768056026', 'White Tussar Saree With Pink Geometric Motifs Block Print', 3);
insert into public.product_images (product_id, url, alt_text, position) values ((select id from public.products where handle = 'white-tussar-saree-with-pink-geometric-motifs-korasutra'), 'https://cdn.shopify.com/s/files/1/0800/5258/4666/files/BBE99274-1A37-427E-9110-B34593281421.jpg?v=1768056027', 'White Tussar Saree With Pink Geometric Motifs Block Print', 4);
insert into public.product_variants (product_id, sku, title, option1_name, option1_value, option2_name, option2_value, price, compare_at_price, inventory_qty, track_inventory, position) values ((select id from public.products where handle = 'white-tussar-saree-with-pink-geometric-motifs-korasutra'), 'KS-WHITE-TUSSAR-SAREE-WITH-PINK-GEOMETRIC-MOTIFS-KORASUTRA-1', 'Default', null, null, null, null, 8499.00, null, 0, true, 0) on conflict (sku) do update set product_id = excluded.product_id, title = excluded.title, option1_name = excluded.option1_name, option1_value = excluded.option1_value, option2_name = excluded.option2_name, option2_value = excluded.option2_value, price = excluded.price, compare_at_price = excluded.compare_at_price, inventory_qty = excluded.inventory_qty, track_inventory = excluded.track_inventory, position = excluded.position;

-- white-blue-pure-muslin-silk-jamdani-saree-hand-needlework-korasutra
insert into public.products (handle, title, description, short_description, category_id, fabric, technique, color, has_blouse_piece, status, price, compare_at_price, seo_title, seo_description, tags)
values ('white-blue-pure-muslin-silk-jamdani-saree-hand-needlework-korasutra', 'White Pure Muslin Silk Jamdani Saree – Blue Hand Needlework', '<p>Elevate your ethnic wardrobe with this White Pure Muslin Silk Jamdani Saree, beautifully adorned with delicate blue hand needlework. Lightweight, airy, and elegant, this handcrafted saree showcases timeless Jamdani artistry with subtle motifs and a graceful blue border—perfect for festive occasions, daytime celebrations, and refined everyday elegance.</p>
<p>Length is 5.5m without blouse piece </p>', 'Elevate your ethnic wardrobe with this White Pure Muslin Silk Jamdani Saree, beautifully adorned with delicate blue hand needlework. Lightweight, airy, and elegant, this handcrafte', (select id from public.categories where slug = 'sarees'), 'silk-muslin', null, 'white', true, 'active'::public.product_status, 8999.00, null, null, null, array[]::text[])
on conflict (handle) do update set title = excluded.title, description = excluded.description, short_description = excluded.short_description, category_id = excluded.category_id, fabric = excluded.fabric, technique = excluded.technique, color = excluded.color, has_blouse_piece = excluded.has_blouse_piece, status = excluded.status, price = excluded.price, compare_at_price = excluded.compare_at_price, seo_title = excluded.seo_title, seo_description = excluded.seo_description, tags = excluded.tags;
delete from public.product_images where product_id = (select id from public.products where handle = 'white-blue-pure-muslin-silk-jamdani-saree-hand-needlework-korasutra');
insert into public.product_images (product_id, url, alt_text, position) values ((select id from public.products where handle = 'white-blue-pure-muslin-silk-jamdani-saree-hand-needlework-korasutra'), 'https://cdn.shopify.com/s/files/1/0800/5258/4666/files/IMG_8440.jpg?v=1768055277', 'White Pure Muslin Silk Jamdani Saree – Blue Hand Needlework', 0);
insert into public.product_images (product_id, url, alt_text, position) values ((select id from public.products where handle = 'white-blue-pure-muslin-silk-jamdani-saree-hand-needlework-korasutra'), 'https://cdn.shopify.com/s/files/1/0800/5258/4666/files/A0EA7A66-1123-432F-841C-96366289A885.jpg?v=1768055566', 'White Pure Muslin Silk Jamdani Saree – Blue Hand Needlework', 1);
insert into public.product_images (product_id, url, alt_text, position) values ((select id from public.products where handle = 'white-blue-pure-muslin-silk-jamdani-saree-hand-needlework-korasutra'), 'https://cdn.shopify.com/s/files/1/0800/5258/4666/files/849987E5-9C83-4538-A283-842EF3A4D9A6.jpg?v=1768055566', 'White Pure Muslin Silk Jamdani Saree – Blue Hand Needlework', 2);
insert into public.product_images (product_id, url, alt_text, position) values ((select id from public.products where handle = 'white-blue-pure-muslin-silk-jamdani-saree-hand-needlework-korasutra'), 'https://cdn.shopify.com/s/files/1/0800/5258/4666/files/CD0ED5AA-5977-4032-863B-2766B4DF74AD.jpg?v=1768055566', 'White Pure Muslin Silk Jamdani Saree – Blue Hand Needlework', 3);
insert into public.product_images (product_id, url, alt_text, position) values ((select id from public.products where handle = 'white-blue-pure-muslin-silk-jamdani-saree-hand-needlework-korasutra'), 'https://cdn.shopify.com/s/files/1/0800/5258/4666/files/C32D77CF-7090-46A8-8B0C-9740CD65E043.jpg?v=1768055567', 'White Pure Muslin Silk Jamdani Saree – Blue Hand Needlework', 4);
insert into public.product_variants (product_id, sku, title, option1_name, option1_value, option2_name, option2_value, price, compare_at_price, inventory_qty, track_inventory, position) values ((select id from public.products where handle = 'white-blue-pure-muslin-silk-jamdani-saree-hand-needlework-korasutra'), 'KS-WHITE-BLUE-PURE-MUSLIN-SILK-JAMDANI-SAREE-HAND-NEEDLEWORK-KORASUTRA-1', 'Default', null, null, null, null, 8999.00, null, 1, true, 0) on conflict (sku) do update set product_id = excluded.product_id, title = excluded.title, option1_name = excluded.option1_name, option1_value = excluded.option1_value, option2_name = excluded.option2_name, option2_value = excluded.option2_value, price = excluded.price, compare_at_price = excluded.compare_at_price, inventory_qty = excluded.inventory_qty, track_inventory = excluded.track_inventory, position = excluded.position;

-- blue-and-white-pure-silk-block-print-saree-korasutra
insert into public.products (handle, title, description, short_description, category_id, fabric, technique, color, has_blouse_piece, status, price, compare_at_price, seo_title, seo_description, tags)
values ('blue-and-white-pure-silk-block-print-saree-korasutra', 'Blue and White Pure Silk Block Print Saree Half & Half', '<p>Elevate your ethnic wardrobe with this elegant blue and white pure silk block print saree. Handcrafted with traditional block-printed motifs on rich, lustrous silk, this saree blends timeless craftsmanship with contemporary grace. The soothing blue base paired with classic white motifs makes it perfect for festive occasions, cultural gatherings, and refined everyday elegance. Soft, breathable, and naturally glossy, this pure silk saree drapes beautifully, offering both comfort and sophistication for the modern woman who values artisanal heritage.</p>
<p><span>Length is 6.5m with blouse piece</span></p>', 'Elevate your ethnic wardrobe with this elegant blue and white pure silk block print saree. Handcrafted with traditional block-printed motifs on rich, lustrous silk, this saree blen', (select id from public.categories where slug = 'sarees'), 'silk', null, 'white; blue', true, 'active'::public.product_status, 7250.00, null, null, null, array[]::text[])
on conflict (handle) do update set title = excluded.title, description = excluded.description, short_description = excluded.short_description, category_id = excluded.category_id, fabric = excluded.fabric, technique = excluded.technique, color = excluded.color, has_blouse_piece = excluded.has_blouse_piece, status = excluded.status, price = excluded.price, compare_at_price = excluded.compare_at_price, seo_title = excluded.seo_title, seo_description = excluded.seo_description, tags = excluded.tags;
delete from public.product_images where product_id = (select id from public.products where handle = 'blue-and-white-pure-silk-block-print-saree-korasutra');
insert into public.product_images (product_id, url, alt_text, position) values ((select id from public.products where handle = 'blue-and-white-pure-silk-block-print-saree-korasutra'), 'https://cdn.shopify.com/s/files/1/0800/5258/4666/files/90572F32-C25B-4E33-9F45-FD80C5DBE4A0.jpg?v=1768054196', 'Blue and White Pure Silk Block Print Saree Half & Half', 0);
insert into public.product_images (product_id, url, alt_text, position) values ((select id from public.products where handle = 'blue-and-white-pure-silk-block-print-saree-korasutra'), 'https://cdn.shopify.com/s/files/1/0800/5258/4666/files/IMG_8381.jpg?v=1768054196', 'Blue and White Pure Silk Block Print Saree Half & Half', 1);
insert into public.product_images (product_id, url, alt_text, position) values ((select id from public.products where handle = 'blue-and-white-pure-silk-block-print-saree-korasutra'), 'https://cdn.shopify.com/s/files/1/0800/5258/4666/files/D22F82C4-4741-44A5-93CD-F4E58F99B078.jpg?v=1768054181', 'Blue and White Pure Silk Block Print Saree Half & Half', 2);
insert into public.product_images (product_id, url, alt_text, position) values ((select id from public.products where handle = 'blue-and-white-pure-silk-block-print-saree-korasutra'), 'https://cdn.shopify.com/s/files/1/0800/5258/4666/files/A65E572D-7080-4F37-9BCB-6AB427528326.jpg?v=1768054182', 'Blue and White Pure Silk Block Print Saree Half & Half', 3);
insert into public.product_images (product_id, url, alt_text, position) values ((select id from public.products where handle = 'blue-and-white-pure-silk-block-print-saree-korasutra'), 'https://cdn.shopify.com/s/files/1/0800/5258/4666/files/E577D4E1-C548-4D04-A487-B557CFBC1988.jpg?v=1768054182', 'Blue and White Pure Silk Block Print Saree Half & Half', 4);
insert into public.product_variants (product_id, sku, title, option1_name, option1_value, option2_name, option2_value, price, compare_at_price, inventory_qty, track_inventory, position) values ((select id from public.products where handle = 'blue-and-white-pure-silk-block-print-saree-korasutra'), 'KS-BLUE-AND-WHITE-PURE-SILK-BLOCK-PRINT-SAREE-KORASUTRA-1', 'Yes', 'Blouse Piece', 'Yes', null, null, 7250.00, null, 1, true, 0) on conflict (sku) do update set product_id = excluded.product_id, title = excluded.title, option1_name = excluded.option1_name, option1_value = excluded.option1_value, option2_name = excluded.option2_name, option2_value = excluded.option2_value, price = excluded.price, compare_at_price = excluded.compare_at_price, inventory_qty = excluded.inventory_qty, track_inventory = excluded.track_inventory, position = excluded.position;

-- pink-pure-silk-block-batik-print-saree-with-lotus-motifs-korasutra
insert into public.products (handle, title, description, short_description, category_id, fabric, technique, color, has_blouse_piece, status, price, compare_at_price, seo_title, seo_description, tags)
values ('pink-pure-silk-block-batik-print-saree-with-lotus-motifs-korasutra', 'Pink Pure Silk Block Batik Print Saree with Lotus Motifs', '<p>Elevate your ethnic wardrobe with this Pink Pure Silk Block Batik Print Saree, adorned with graceful lotus motifs. Handcrafted using traditional batik techniques, this luxurious silk saree offers a soft drape, rich texture, and timeless elegance—perfect for festive occasions, cultural gatherings, and refined everyday wear.</p>
<p>Length is 6.5m with blouse piece </p>', 'Elevate your ethnic wardrobe with this Pink Pure Silk Block Batik Print Saree, adorned with graceful lotus motifs. Handcrafted using traditional batik techniques, this luxurious si', (select id from public.categories where slug = 'sarees'), 'silk', null, 'pink', true, 'active'::public.product_status, 7500.00, null, null, null, array[]::text[])
on conflict (handle) do update set title = excluded.title, description = excluded.description, short_description = excluded.short_description, category_id = excluded.category_id, fabric = excluded.fabric, technique = excluded.technique, color = excluded.color, has_blouse_piece = excluded.has_blouse_piece, status = excluded.status, price = excluded.price, compare_at_price = excluded.compare_at_price, seo_title = excluded.seo_title, seo_description = excluded.seo_description, tags = excluded.tags;
delete from public.product_images where product_id = (select id from public.products where handle = 'pink-pure-silk-block-batik-print-saree-with-lotus-motifs-korasutra');
insert into public.product_images (product_id, url, alt_text, position) values ((select id from public.products where handle = 'pink-pure-silk-block-batik-print-saree-with-lotus-motifs-korasutra'), 'https://cdn.shopify.com/s/files/1/0800/5258/4666/files/23C05E46-F8CD-41F4-A951-9043D23AA4CD.jpg?v=1768055456', 'Pink Pure Silk Block Batik Print Saree with Lotus Motifs', 0);
insert into public.product_images (product_id, url, alt_text, position) values ((select id from public.products where handle = 'pink-pure-silk-block-batik-print-saree-with-lotus-motifs-korasutra'), 'https://cdn.shopify.com/s/files/1/0800/5258/4666/files/0EA63069-9801-4ECA-A460-11437C244F7D.jpg?v=1768055456', 'Pink Pure Silk Block Batik Print Saree with Lotus Motifs', 1);
insert into public.product_images (product_id, url, alt_text, position) values ((select id from public.products where handle = 'pink-pure-silk-block-batik-print-saree-with-lotus-motifs-korasutra'), 'https://cdn.shopify.com/s/files/1/0800/5258/4666/files/80ADF8EF-3F9C-4554-9522-7120527910DF.jpg?v=1768055456', 'Pink Pure Silk Block Batik Print Saree with Lotus Motifs', 2);
insert into public.product_images (product_id, url, alt_text, position) values ((select id from public.products where handle = 'pink-pure-silk-block-batik-print-saree-with-lotus-motifs-korasutra'), 'https://cdn.shopify.com/s/files/1/0800/5258/4666/files/F6B9B854-98CB-4FB8-9525-8232173357F3.png?v=1768055456', 'Pink Pure Silk Block Batik Print Saree with Lotus Motifs', 3);
insert into public.product_images (product_id, url, alt_text, position) values ((select id from public.products where handle = 'pink-pure-silk-block-batik-print-saree-with-lotus-motifs-korasutra'), 'https://cdn.shopify.com/s/files/1/0800/5258/4666/files/E9BEC6E0-D614-4B72-896B-F865D189BA07.jpg?v=1768055456', 'Pink Pure Silk Block Batik Print Saree with Lotus Motifs', 4);
insert into public.product_variants (product_id, sku, title, option1_name, option1_value, option2_name, option2_value, price, compare_at_price, inventory_qty, track_inventory, position) values ((select id from public.products where handle = 'pink-pure-silk-block-batik-print-saree-with-lotus-motifs-korasutra'), 'KS-PINK-PURE-SILK-BLOCK-BATIK-PRINT-SAREE-WITH-LOTUS-MOTIFS-KORASUTRA-1', 'Yes', 'Blouse Piece', 'Yes', null, null, 7500.00, null, 1, true, 0) on conflict (sku) do update set product_id = excluded.product_id, title = excluded.title, option1_name = excluded.option1_name, option1_value = excluded.option1_value, option2_name = excluded.option2_name, option2_value = excluded.option2_value, price = excluded.price, compare_at_price = excluded.compare_at_price, inventory_qty = excluded.inventory_qty, track_inventory = excluded.track_inventory, position = excluded.position;

-- light-green-silk-linen-saree-with-bird-motifs-korasutra
insert into public.products (handle, title, description, short_description, category_id, fabric, technique, color, has_blouse_piece, status, price, compare_at_price, seo_title, seo_description, tags)
values ('light-green-silk-linen-saree-with-bird-motifs-korasutra', 'Light Green Linen Muslin Silk Saree With Bird Motifs', '<p>Grace your wardrobe with this light green silk linen saree featuring delicate bird motifs and a soft natural texture—perfect for elegant daytime wear.</p>
<p>Length is 6.5m with blouse piece</p>', 'Grace your wardrobe with this light green silk linen saree featuring delicate bird motifs and a soft natural texture—perfect for elegant daytime wear.

Length is 6.5m with blouse p', (select id from public.categories where slug = 'sarees'), 'silk; linen', null, 'green', true, 'active'::public.product_status, 9750.00, null, null, null, array[]::text[])
on conflict (handle) do update set title = excluded.title, description = excluded.description, short_description = excluded.short_description, category_id = excluded.category_id, fabric = excluded.fabric, technique = excluded.technique, color = excluded.color, has_blouse_piece = excluded.has_blouse_piece, status = excluded.status, price = excluded.price, compare_at_price = excluded.compare_at_price, seo_title = excluded.seo_title, seo_description = excluded.seo_description, tags = excluded.tags;
delete from public.product_images where product_id = (select id from public.products where handle = 'light-green-silk-linen-saree-with-bird-motifs-korasutra');
insert into public.product_images (product_id, url, alt_text, position) values ((select id from public.products where handle = 'light-green-silk-linen-saree-with-bird-motifs-korasutra'), 'https://cdn.shopify.com/s/files/1/0800/5258/4666/files/24E26AA9-1248-4720-ACB9-5CD8B6708569.jpg?v=1771694943', 'Light Green Linen Muslin Silk Saree With Bird Motifs', 0);
insert into public.product_images (product_id, url, alt_text, position) values ((select id from public.products where handle = 'light-green-silk-linen-saree-with-bird-motifs-korasutra'), 'https://cdn.shopify.com/s/files/1/0800/5258/4666/files/FullSizeRender_d8d1ad8d-d1a7-4323-88e8-344ca0e8cedf.jpg?v=1771696811', 'Light Green Linen Muslin Silk Saree With Bird Motifs', 1);
insert into public.product_images (product_id, url, alt_text, position) values ((select id from public.products where handle = 'light-green-silk-linen-saree-with-bird-motifs-korasutra'), 'https://cdn.shopify.com/s/files/1/0800/5258/4666/files/IMG_8433.jpg?v=1771696811', 'Light Green Linen Muslin Silk Saree With Bird Motifs', 2);
insert into public.product_images (product_id, url, alt_text, position) values ((select id from public.products where handle = 'light-green-silk-linen-saree-with-bird-motifs-korasutra'), 'https://cdn.shopify.com/s/files/1/0800/5258/4666/files/3A71B16E-F286-4333-97EF-FE13C8CFF7EB.jpg?v=1771696811', 'Light Green Linen Muslin Silk Saree With Bird Motifs', 3);
insert into public.product_images (product_id, url, alt_text, position) values ((select id from public.products where handle = 'light-green-silk-linen-saree-with-bird-motifs-korasutra'), 'https://cdn.shopify.com/s/files/1/0800/5258/4666/files/6D75706F-A013-40AE-B2FB-D3D12B12FDF6.jpg?v=1771696811', 'Light Green Linen Muslin Silk Saree With Bird Motifs', 4);
insert into public.product_variants (product_id, sku, title, option1_name, option1_value, option2_name, option2_value, price, compare_at_price, inventory_qty, track_inventory, position) values ((select id from public.products where handle = 'light-green-silk-linen-saree-with-bird-motifs-korasutra'), 'KSLNGN19', 'Yes', 'Blouse Piece', 'Yes', null, null, 9750.00, null, 0, true, 0) on conflict (sku) do update set product_id = excluded.product_id, title = excluded.title, option1_name = excluded.option1_name, option1_value = excluded.option1_value, option2_name = excluded.option2_name, option2_value = excluded.option2_value, price = excluded.price, compare_at_price = excluded.compare_at_price, inventory_qty = excluded.inventory_qty, track_inventory = excluded.track_inventory, position = excluded.position;

-- black-and-yellow-silk-block-print-saree-with-leaf-motifs-korasutra
insert into public.products (handle, title, description, short_description, category_id, fabric, technique, color, has_blouse_piece, status, price, compare_at_price, seo_title, seo_description, tags)
values ('black-and-yellow-silk-block-print-saree-with-leaf-motifs-korasutra', 'Black and Yellow Silk Block Print Saree With Leaf Motifs', '<p>Elevate your style with this black and yellow pure silk block print saree, featuring bold floral motifs and a timeless handcrafted charm.</p>
<p><span>Length is 6.5m with blouse piece</span></p>', 'Elevate your style with this black and yellow pure silk block print saree, featuring bold floral motifs and a timeless handcrafted charm.

Length is 6.5m with blouse piece', (select id from public.categories where slug = 'sarees'), 'silk', null, 'yellow; black', true, 'active'::public.product_status, 7499.00, null, null, null, array[]::text[])
on conflict (handle) do update set title = excluded.title, description = excluded.description, short_description = excluded.short_description, category_id = excluded.category_id, fabric = excluded.fabric, technique = excluded.technique, color = excluded.color, has_blouse_piece = excluded.has_blouse_piece, status = excluded.status, price = excluded.price, compare_at_price = excluded.compare_at_price, seo_title = excluded.seo_title, seo_description = excluded.seo_description, tags = excluded.tags;
delete from public.product_images where product_id = (select id from public.products where handle = 'black-and-yellow-silk-block-print-saree-with-leaf-motifs-korasutra');
insert into public.product_images (product_id, url, alt_text, position) values ((select id from public.products where handle = 'black-and-yellow-silk-block-print-saree-with-leaf-motifs-korasutra'), 'https://cdn.shopify.com/s/files/1/0800/5258/4666/files/E257215B-5A5F-43AB-AE9E-D45DE6D87E11.jpg?v=1771689000', 'Black and Yellow Silk Block Print Saree With Leaf Motifs', 0);
insert into public.product_images (product_id, url, alt_text, position) values ((select id from public.products where handle = 'black-and-yellow-silk-block-print-saree-with-leaf-motifs-korasutra'), 'https://cdn.shopify.com/s/files/1/0800/5258/4666/files/2BDA4E67-2942-43B3-9E47-FAAF9F9ED297.jpg?v=1771689000', 'Black and Yellow Silk Block Print Saree With Leaf Motifs', 1);
insert into public.product_images (product_id, url, alt_text, position) values ((select id from public.products where handle = 'black-and-yellow-silk-block-print-saree-with-leaf-motifs-korasutra'), 'https://cdn.shopify.com/s/files/1/0800/5258/4666/files/IMG_8430.png?v=1771689000', 'Black and Yellow Silk Block Print Saree With Leaf Motifs', 2);
insert into public.product_images (product_id, url, alt_text, position) values ((select id from public.products where handle = 'black-and-yellow-silk-block-print-saree-with-leaf-motifs-korasutra'), 'https://cdn.shopify.com/s/files/1/0800/5258/4666/files/021C0639-7EE8-4883-A925-AEEC1C6E5C4F.png?v=1771689000', 'Black and Yellow Silk Block Print Saree With Leaf Motifs', 3);
insert into public.product_images (product_id, url, alt_text, position) values ((select id from public.products where handle = 'black-and-yellow-silk-block-print-saree-with-leaf-motifs-korasutra'), 'https://cdn.shopify.com/s/files/1/0800/5258/4666/files/7AA6257D-9D9E-4C35-8B53-CB3DF6F1C646.jpg?v=1771689000', 'Black and Yellow Silk Block Print Saree With Leaf Motifs', 4);
insert into public.product_variants (product_id, sku, title, option1_name, option1_value, option2_name, option2_value, price, compare_at_price, inventory_qty, track_inventory, position) values ((select id from public.products where handle = 'black-and-yellow-silk-block-print-saree-with-leaf-motifs-korasutra'), 'KS-BLACK-AND-YELLOW-SILK-BLOCK-PRINT-SAREE-WITH-LEAF-MOTIFS-KORASUTRA-1', 'Yes', 'Blouse Piece', 'Yes', null, null, 7499.00, null, 1, true, 0) on conflict (sku) do update set product_id = excluded.product_id, title = excluded.title, option1_name = excluded.option1_name, option1_value = excluded.option1_value, option2_name = excluded.option2_name, option2_value = excluded.option2_value, price = excluded.price, compare_at_price = excluded.compare_at_price, inventory_qty = excluded.inventory_qty, track_inventory = excluded.track_inventory, position = excluded.position;
insert into public.product_variants (product_id, sku, title, option1_name, option1_value, option2_name, option2_value, price, compare_at_price, inventory_qty, track_inventory, position) values ((select id from public.products where handle = 'black-and-yellow-silk-block-print-saree-with-leaf-motifs-korasutra'), 'KS-BLACK-AND-YELLOW-SILK-BLOCK-PRINT-SAREE-WITH-LEAF-MOTIFS-KORASUTRA-2', 'No', null, 'No', null, null, 7499.00, null, 0, true, 1) on conflict (sku) do update set product_id = excluded.product_id, title = excluded.title, option1_name = excluded.option1_name, option1_value = excluded.option1_value, option2_name = excluded.option2_name, option2_value = excluded.option2_value, price = excluded.price, compare_at_price = excluded.compare_at_price, inventory_qty = excluded.inventory_qty, track_inventory = excluded.track_inventory, position = excluded.position;

-- red-tissue-muslin-with-sequins-temple-border-saree-korasutra
insert into public.products (handle, title, description, short_description, category_id, fabric, technique, color, has_blouse_piece, status, price, compare_at_price, seo_title, seo_description, tags)
values ('red-tissue-muslin-with-sequins-temple-border-saree-korasutra', 'Red Tissue Muslin With Sequins Temple Border Saree', '<div class="flex flex-col text-sm pb-25">
<article class="text-token-text-primary w-full focus:outline-none [--shadow-height:45px] has-data-writing-block:pointer-events-none has-data-writing-block:-mt-(--shadow-height) has-data-writing-block:pt-(--shadow-height) [&amp;:has([data-writing-block])&gt;*]:pointer-events-auto [content-visibility:auto] supports-[content-visibility:auto]:[contain-intrinsic-size:auto_100lvh] scroll-mt-[calc(var(--header-height)+min(200px,max(70px,20svh)))]" dir="auto" data-turn-id="5bbead05-0666-4097-a46a-55a3c6752ce4" data-testid="conversation-turn-2" data-scroll-anchor="true" data-turn="assistant" tabindex="-1">
<div class="text-base my-auto mx-auto pb-10 [--thread-content-margin:--spacing(4)] @w-sm/main:[--thread-content-margin:--spacing(6)] @w-lg/main:[--thread-content-margin:--spacing(16)] px-(--thread-content-margin)">
<div class="[--thread-content-max-width:40rem] @w-lg/main:[--thread-content-max-width:48rem] mx-auto max-w-(--thread-content-max-width) flex-1 group/turn-messages focus-visible:outline-hidden relative flex w-full min-w-0 flex-col agent-turn" tabindex="-1">
<div class="flex max-w-full flex-col grow">
<div data-message-author-role="assistant" data-message-id="27909bb7-8238-4653-a0ea-e568007619d9" dir="auto" class="min-h-8 text-message relative flex w-full flex-col items-end gap-2 text-start break-words whitespace-normal [.text-message+&amp;]:mt-1" data-message-model-slug="gpt-5-2">
<div class="flex w-full flex-col gap-1 empty:hidden first:pt-[1px]">
<div class="markdown prose dark:prose-invert w-full break-words light markdown-new-styling">
<p data-start="92" data-end="431" data-is-last-node="" data-is-only-node="">Elevate your festive wardrobe with this elegant red tissue muslin saree, highlighted by a graceful sequins temple border. Lightweight, airy, and subtly shimmering, it drapes beautifully for weddings, pujas, and special occasions. A timeless blend of tradition and modern elegance, perfect for refined ethnic styling.</p>
</div>
</div>
</div>
</div>
<div class="z-0 flex min-h-[46px] justify-start"><span>Length is 6.5m with blouse piece</span></div>
<div class="mt-3 w-full empty:hidden">
<div class="text-center"></div>
</div>
</div>
</div>
</article>
</div>', 'Elevate your festive wardrobe with this elegant red tissue muslin saree, highlighted by a graceful sequins temple border. Lightweight, airy, and subtly shimmering, it drapes beauti', (select id from public.categories where slug = 'sarees'), 'muslin', null, 'red', true, 'active'::public.product_status, 12599.00, null, null, null, array[]::text[])
on conflict (handle) do update set title = excluded.title, description = excluded.description, short_description = excluded.short_description, category_id = excluded.category_id, fabric = excluded.fabric, technique = excluded.technique, color = excluded.color, has_blouse_piece = excluded.has_blouse_piece, status = excluded.status, price = excluded.price, compare_at_price = excluded.compare_at_price, seo_title = excluded.seo_title, seo_description = excluded.seo_description, tags = excluded.tags;
delete from public.product_images where product_id = (select id from public.products where handle = 'red-tissue-muslin-with-sequins-temple-border-saree-korasutra');
insert into public.product_images (product_id, url, alt_text, position) values ((select id from public.products where handle = 'red-tissue-muslin-with-sequins-temple-border-saree-korasutra'), 'https://cdn.shopify.com/s/files/1/0800/5258/4666/files/IMG_8423.jpg?v=1768052145', 'Red Tissue Muslin With Sequins Temple Border Saree', 0);
insert into public.product_images (product_id, url, alt_text, position) values ((select id from public.products where handle = 'red-tissue-muslin-with-sequins-temple-border-saree-korasutra'), 'https://cdn.shopify.com/s/files/1/0800/5258/4666/files/CD4B2B93-012F-4881-81D6-2232C7952625.jpg?v=1768375998', 'Red Tissue Muslin With Sequins Temple Border Saree', 1);
insert into public.product_images (product_id, url, alt_text, position) values ((select id from public.products where handle = 'red-tissue-muslin-with-sequins-temple-border-saree-korasutra'), 'https://cdn.shopify.com/s/files/1/0800/5258/4666/files/6C0A736D-B1A5-454F-A188-831A495DB0D1.jpg?v=1768375998', 'Red Tissue Muslin With Sequins Temple Border Saree', 2);
insert into public.product_images (product_id, url, alt_text, position) values ((select id from public.products where handle = 'red-tissue-muslin-with-sequins-temple-border-saree-korasutra'), 'https://cdn.shopify.com/s/files/1/0800/5258/4666/files/F6D45F90-FB5F-4501-84CF-3EC92F3E02CF.png?v=1768375998', 'Red Tissue Muslin With Sequins Temple Border Saree', 3);
insert into public.product_images (product_id, url, alt_text, position) values ((select id from public.products where handle = 'red-tissue-muslin-with-sequins-temple-border-saree-korasutra'), 'https://cdn.shopify.com/s/files/1/0800/5258/4666/files/DF0BDA93-6AB2-43BE-8444-55F0F95584C0.jpg?v=1768375998', 'Red Tissue Muslin With Sequins Temple Border Saree', 4);
insert into public.product_variants (product_id, sku, title, option1_name, option1_value, option2_name, option2_value, price, compare_at_price, inventory_qty, track_inventory, position) values ((select id from public.products where handle = 'red-tissue-muslin-with-sequins-temple-border-saree-korasutra'), 'KS-MSLN-RD-001', 'Default', null, null, null, null, 12599.00, null, 1, true, 0) on conflict (sku) do update set product_id = excluded.product_id, title = excluded.title, option1_name = excluded.option1_name, option1_value = excluded.option1_value, option2_name = excluded.option2_name, option2_value = excluded.option2_value, price = excluded.price, compare_at_price = excluded.compare_at_price, inventory_qty = excluded.inventory_qty, track_inventory = excluded.track_inventory, position = excluded.position;

-- grey-hand-print-tussar-saree-with-floral-motif-korasutra-1
insert into public.products (handle, title, description, short_description, category_id, fabric, technique, color, has_blouse_piece, status, price, compare_at_price, seo_title, seo_description, tags)
values ('grey-hand-print-tussar-saree-with-floral-motif-korasutra-1', 'Grey Hand Paint Tussar Saree With Floral Motif', '<p>Embrace understated luxury with this <strong data-start="97" data-end="136">grey hand-printed Tussar silk saree</strong>, adorned with elegant <strong data-start="159" data-end="176">floral motifs</strong>. Crafted from natural Tussar silk, this saree features a soft texture, subtle sheen, and breathable comfort. The artistic hand-print detailing adds a contemporary yet artisanal charm, making it perfect for office wear, cultural gatherings, daytime festivities, and refined occasions. A timeless <strong data-start="472" data-end="497">handloom Tussar saree</strong> that beautifully blends natural elegance with handcrafted artistry.</p>
<p>Length is 6.5m with blouse piece </p>', 'Embrace understated luxury with this grey hand-printed Tussar silk saree, adorned with elegant floral motifs. Crafted from natural Tussar silk, this saree features a soft texture, ', (select id from public.categories where slug = 'sarees'), 'tussar', null, 'grey', true, 'active'::public.product_status, 9250.00, null, null, null, array[]::text[])
on conflict (handle) do update set title = excluded.title, description = excluded.description, short_description = excluded.short_description, category_id = excluded.category_id, fabric = excluded.fabric, technique = excluded.technique, color = excluded.color, has_blouse_piece = excluded.has_blouse_piece, status = excluded.status, price = excluded.price, compare_at_price = excluded.compare_at_price, seo_title = excluded.seo_title, seo_description = excluded.seo_description, tags = excluded.tags;
delete from public.product_images where product_id = (select id from public.products where handle = 'grey-hand-print-tussar-saree-with-floral-motif-korasutra-1');
insert into public.product_images (product_id, url, alt_text, position) values ((select id from public.products where handle = 'grey-hand-print-tussar-saree-with-floral-motif-korasutra-1'), 'https://cdn.shopify.com/s/files/1/0800/5258/4666/files/IMG_8313.png?v=1768029772', 'Grey Hand Paint Tussar Saree With Floral Motif', 0);
insert into public.product_images (product_id, url, alt_text, position) values ((select id from public.products where handle = 'grey-hand-print-tussar-saree-with-floral-motif-korasutra-1'), 'https://cdn.shopify.com/s/files/1/0800/5258/4666/files/FullSizeRender.jpg?v=1768376670', 'Grey Hand Paint Tussar Saree With Floral Motif', 1);
insert into public.product_images (product_id, url, alt_text, position) values ((select id from public.products where handle = 'grey-hand-print-tussar-saree-with-floral-motif-korasutra-1'), 'https://cdn.shopify.com/s/files/1/0800/5258/4666/files/D89DD0C6-835A-491C-8A55-D001B1B28DD8.jpg?v=1768376670', 'Grey Hand Paint Tussar Saree With Floral Motif', 2);
insert into public.product_images (product_id, url, alt_text, position) values ((select id from public.products where handle = 'grey-hand-print-tussar-saree-with-floral-motif-korasutra-1'), 'https://cdn.shopify.com/s/files/1/0800/5258/4666/files/D21676F0-952E-4D93-A326-DF882F03A954.png?v=1768376670', 'Grey Hand Paint Tussar Saree With Floral Motif', 3);
insert into public.product_images (product_id, url, alt_text, position) values ((select id from public.products where handle = 'grey-hand-print-tussar-saree-with-floral-motif-korasutra-1'), 'https://cdn.shopify.com/s/files/1/0800/5258/4666/files/BCC6895B-9B6A-4127-B4BA-EC69EB0B3783.jpg?v=1768376670', 'Grey Hand Paint Tussar Saree With Floral Motif', 4);
insert into public.product_variants (product_id, sku, title, option1_name, option1_value, option2_name, option2_value, price, compare_at_price, inventory_qty, track_inventory, position) values ((select id from public.products where handle = 'grey-hand-print-tussar-saree-with-floral-motif-korasutra-1'), 'KS-GREY-HAND-PRINT-TUSSAR-SAREE-WITH-FLORAL-MOTIF-KORASUTRA-1-1', 'Default', null, null, null, null, 9250.00, null, 1, true, 0) on conflict (sku) do update set product_id = excluded.product_id, title = excluded.title, option1_name = excluded.option1_name, option1_value = excluded.option1_value, option2_name = excluded.option2_name, option2_value = excluded.option2_value, price = excluded.price, compare_at_price = excluded.compare_at_price, inventory_qty = excluded.inventory_qty, track_inventory = excluded.track_inventory, position = excluded.position;

-- black-blended-silk-kantha-stitch-flower-motif-korasutra-1
insert into public.products (handle, title, description, short_description, category_id, fabric, technique, color, has_blouse_piece, status, price, compare_at_price, seo_title, seo_description, tags)
values ('black-blended-silk-kantha-stitch-flower-motif-korasutra-1', 'Black Blended Silk Kantha Stitch Maple Leaf Motif', '<p>Make a timeless statement with this <strong data-start="99" data-end="141">black blended silk Kantha stitch saree</strong>, beautifully handcrafted with intricate <strong data-start="182" data-end="199">maple leaf motifs</strong>. Designed in soft, lustrous blended silk, this saree features traditional Kantha embroidery that adds depth, texture, and artisanal elegance. The classic black base with contrast threadwork makes it ideal for festive occasions, evening events, cultural gatherings, and elegant celebrations. A refined <strong data-start="501" data-end="526">handloom Kantha saree</strong> that blends heritage craftsmanship with modern sophistication.</p>
<p><span>Length is 6.5m with blouse piece</span></p>', 'Make a timeless statement with this black blended silk Kantha stitch saree, beautifully handcrafted with intricate maple leaf motifs. Designed in soft, lustrous blended silk, this ', (select id from public.categories where slug = 'sarees'), 'blended-silk', null, 'black', true, 'active'::public.product_status, 6050.00, null, null, null, array[]::text[])
on conflict (handle) do update set title = excluded.title, description = excluded.description, short_description = excluded.short_description, category_id = excluded.category_id, fabric = excluded.fabric, technique = excluded.technique, color = excluded.color, has_blouse_piece = excluded.has_blouse_piece, status = excluded.status, price = excluded.price, compare_at_price = excluded.compare_at_price, seo_title = excluded.seo_title, seo_description = excluded.seo_description, tags = excluded.tags;
delete from public.product_images where product_id = (select id from public.products where handle = 'black-blended-silk-kantha-stitch-flower-motif-korasutra-1');
insert into public.product_images (product_id, url, alt_text, position) values ((select id from public.products where handle = 'black-blended-silk-kantha-stitch-flower-motif-korasutra-1'), 'https://cdn.shopify.com/s/files/1/0800/5258/4666/files/IMG_8370.jpg?v=1768023725', 'Black Blended Silk Kantha Stitch Maple Leaf Motif', 0);
insert into public.product_images (product_id, url, alt_text, position) values ((select id from public.products where handle = 'black-blended-silk-kantha-stitch-flower-motif-korasutra-1'), 'https://cdn.shopify.com/s/files/1/0800/5258/4666/files/C75286B2-349B-41AD-A525-01301ABB9CDE.jpg?v=1768030542', 'Black Blended Silk Kantha Stitch Maple Leaf Motif', 1);
insert into public.product_images (product_id, url, alt_text, position) values ((select id from public.products where handle = 'black-blended-silk-kantha-stitch-flower-motif-korasutra-1'), 'https://cdn.shopify.com/s/files/1/0800/5258/4666/files/497CEC8D-BC17-43DC-B329-7C33F0CFAB95.jpg?v=1768030542', 'Black Blended Silk Kantha Stitch Maple Leaf Motif', 2);
insert into public.product_images (product_id, url, alt_text, position) values ((select id from public.products where handle = 'black-blended-silk-kantha-stitch-flower-motif-korasutra-1'), 'https://cdn.shopify.com/s/files/1/0800/5258/4666/files/01F25633-80BB-43E7-9140-F13E2A6DE04F.jpg?v=1768030579', 'Black Blended Silk Kantha Stitch Maple Leaf Motif', 3);
insert into public.product_images (product_id, url, alt_text, position) values ((select id from public.products where handle = 'black-blended-silk-kantha-stitch-flower-motif-korasutra-1'), 'https://cdn.shopify.com/s/files/1/0800/5258/4666/files/73769586-C10F-4944-90C7-4DB1A18E3894.jpg?v=1768030579', 'Black Blended Silk Kantha Stitch Maple Leaf Motif', 4);
insert into public.product_variants (product_id, sku, title, option1_name, option1_value, option2_name, option2_value, price, compare_at_price, inventory_qty, track_inventory, position) values ((select id from public.products where handle = 'black-blended-silk-kantha-stitch-flower-motif-korasutra-1'), 'KSKABK22', 'Default', null, null, null, null, 6050.00, null, 0, true, 0) on conflict (sku) do update set product_id = excluded.product_id, title = excluded.title, option1_name = excluded.option1_name, option1_value = excluded.option1_value, option2_name = excluded.option2_name, option2_value = excluded.option2_value, price = excluded.price, compare_at_price = excluded.compare_at_price, inventory_qty = excluded.inventory_qty, track_inventory = excluded.track_inventory, position = excluded.position;

-- mustard-yellow-pure-silk-kantha-stitch-with-flower-motifs-threadwork-korasutra
insert into public.products (handle, title, description, short_description, category_id, fabric, technique, color, has_blouse_piece, status, price, compare_at_price, seo_title, seo_description, tags)
values ('mustard-yellow-pure-silk-kantha-stitch-with-flower-motifs-threadwork-korasutra', 'Mustard Yellow Pure Silk Kantha Stitch With Flower Motifs Threadwork', '<p>Elevate your ethnic wardrobe with this <strong data-start="112" data-end="160">mustard yellow pure silk Kantha stitch saree</strong>, beautifully handcrafted with intricate <strong data-start="201" data-end="228">floral motif threadwork</strong>. Woven in luxurious pure silk, this handloom saree features traditional Kantha embroidery that adds rich texture and artisanal depth. The vibrant flower patterns enhance its timeless appeal, making it perfect for festive celebrations, weddings, cultural occasions, and elegant evenings. A statement <strong data-start="528" data-end="554">handcrafted silk saree</strong> that blends heritage craftsmanship with refined sophistication.</p>
<p><span>Length is 6.5m with blouse piece</span></p>', 'Elevate your ethnic wardrobe with this mustard yellow pure silk Kantha stitch saree, beautifully handcrafted with intricate floral motif threadwork. Woven in luxurious pure silk, t', (select id from public.categories where slug = 'sarees'), 'silk', null, 'yellow', true, 'active'::public.product_status, 14625.00, null, null, null, array[]::text[])
on conflict (handle) do update set title = excluded.title, description = excluded.description, short_description = excluded.short_description, category_id = excluded.category_id, fabric = excluded.fabric, technique = excluded.technique, color = excluded.color, has_blouse_piece = excluded.has_blouse_piece, status = excluded.status, price = excluded.price, compare_at_price = excluded.compare_at_price, seo_title = excluded.seo_title, seo_description = excluded.seo_description, tags = excluded.tags;
delete from public.product_images where product_id = (select id from public.products where handle = 'mustard-yellow-pure-silk-kantha-stitch-with-flower-motifs-threadwork-korasutra');
insert into public.product_images (product_id, url, alt_text, position) values ((select id from public.products where handle = 'mustard-yellow-pure-silk-kantha-stitch-with-flower-motifs-threadwork-korasutra'), 'https://cdn.shopify.com/s/files/1/0800/5258/4666/files/9F2D194E-CC97-4C5C-962A-93B2CD6B47F8.jpg?v=1768030721', 'Mustard Yellow Pure Silk Kantha Stitch With Flower Motifs Threadwork', 0);
insert into public.product_images (product_id, url, alt_text, position) values ((select id from public.products where handle = 'mustard-yellow-pure-silk-kantha-stitch-with-flower-motifs-threadwork-korasutra'), 'https://cdn.shopify.com/s/files/1/0800/5258/4666/files/IMG_8375.jpg?v=1768030721', 'Mustard Yellow Pure Silk Kantha Stitch With Flower Motifs Threadwork', 1);
insert into public.product_images (product_id, url, alt_text, position) values ((select id from public.products where handle = 'mustard-yellow-pure-silk-kantha-stitch-with-flower-motifs-threadwork-korasutra'), 'https://cdn.shopify.com/s/files/1/0800/5258/4666/files/8B7DA6AA-6C95-4C9A-A459-3E01AF479AE5.jpg?v=1768030721', 'Mustard Yellow Pure Silk Kantha Stitch With Flower Motifs Threadwork', 2);
insert into public.product_images (product_id, url, alt_text, position) values ((select id from public.products where handle = 'mustard-yellow-pure-silk-kantha-stitch-with-flower-motifs-threadwork-korasutra'), 'https://cdn.shopify.com/s/files/1/0800/5258/4666/files/2AE9C313-08B8-46A2-9038-3700142670DB.jpg?v=1768030677', 'Mustard Yellow Pure Silk Kantha Stitch With Flower Motifs Threadwork', 3);
insert into public.product_images (product_id, url, alt_text, position) values ((select id from public.products where handle = 'mustard-yellow-pure-silk-kantha-stitch-with-flower-motifs-threadwork-korasutra'), 'https://cdn.shopify.com/s/files/1/0800/5258/4666/files/40B0E779-BEB1-46E9-9993-812B7C98E2F5.jpg?v=1768030677', 'Mustard Yellow Pure Silk Kantha Stitch With Flower Motifs Threadwork', 4);
insert into public.product_variants (product_id, sku, title, option1_name, option1_value, option2_name, option2_value, price, compare_at_price, inventory_qty, track_inventory, position) values ((select id from public.products where handle = 'mustard-yellow-pure-silk-kantha-stitch-with-flower-motifs-threadwork-korasutra'), 'KSKAYW13', 'Default', null, null, null, null, 14625.00, null, 1, true, 0) on conflict (sku) do update set product_id = excluded.product_id, title = excluded.title, option1_name = excluded.option1_name, option1_value = excluded.option1_value, option2_name = excluded.option2_name, option2_value = excluded.option2_value, price = excluded.price, compare_at_price = excluded.compare_at_price, inventory_qty = excluded.inventory_qty, track_inventory = excluded.track_inventory, position = excluded.position;

-- yellow-linen-handloom-jamdani-needlework-lotus-motif-korasutra
insert into public.products (handle, title, description, short_description, category_id, fabric, technique, color, has_blouse_piece, status, price, compare_at_price, seo_title, seo_description, tags)
values ('yellow-linen-handloom-jamdani-needlework-lotus-motif-korasutra', 'Yellow Linen Handloom Jamdani Saree Lotus Motif Needlework With Zari Pallu', '<p>Brighten your wardrobe with this <strong data-start="104" data-end="126">yellow linen saree</strong>, exquisitely handcrafted with delicate <strong data-start="166" data-end="192">lotus motif needlework</strong>. Woven in breathable, lightweight linen, this saree offers a graceful drape and all-day comfort. The subtle hand-embroidered floral accents add a touch of artisanal charm, making it perfect for daytime festivities, cultural gatherings, office wear, and summer celebrations. A timeless <strong data-start="478" data-end="502">handloom linen saree</strong> that blends natural texture, minimal elegance, and traditional craftsmanship.</p>
<p>Length 6.5m with blouse piece </p>', 'Brighten your wardrobe with this yellow linen saree, exquisitely handcrafted with delicate lotus motif needlework. Woven in breathable, lightweight linen, this saree offers a grace', (select id from public.categories where slug = 'sarees'), 'linen', null, 'yellow', true, 'active'::public.product_status, 6750.00, null, null, null, array[]::text[])
on conflict (handle) do update set title = excluded.title, description = excluded.description, short_description = excluded.short_description, category_id = excluded.category_id, fabric = excluded.fabric, technique = excluded.technique, color = excluded.color, has_blouse_piece = excluded.has_blouse_piece, status = excluded.status, price = excluded.price, compare_at_price = excluded.compare_at_price, seo_title = excluded.seo_title, seo_description = excluded.seo_description, tags = excluded.tags;
delete from public.product_images where product_id = (select id from public.products where handle = 'yellow-linen-handloom-jamdani-needlework-lotus-motif-korasutra');
insert into public.product_images (product_id, url, alt_text, position) values ((select id from public.products where handle = 'yellow-linen-handloom-jamdani-needlework-lotus-motif-korasutra'), 'https://cdn.shopify.com/s/files/1/0800/5258/4666/files/IMG_8389.png?v=1768012655', 'Yellow Linen Handloom Jamdani Saree Lotus Motif Needlework With Zari Pallu', 0);
insert into public.product_images (product_id, url, alt_text, position) values ((select id from public.products where handle = 'yellow-linen-handloom-jamdani-needlework-lotus-motif-korasutra'), 'https://cdn.shopify.com/s/files/1/0800/5258/4666/files/B9033F8D-65C5-4648-B5F7-1D0CB46362B3.png?v=1768013142', 'Yellow Linen Handloom Jamdani Saree Lotus Motif Needlework With Zari Pallu', 1);
insert into public.product_images (product_id, url, alt_text, position) values ((select id from public.products where handle = 'yellow-linen-handloom-jamdani-needlework-lotus-motif-korasutra'), 'https://cdn.shopify.com/s/files/1/0800/5258/4666/files/F9CBEAD4-40EE-40CD-B5A4-43626FA27E71.png?v=1768013142', 'Yellow Linen Handloom Jamdani Saree Lotus Motif Needlework With Zari Pallu', 2);
insert into public.product_images (product_id, url, alt_text, position) values ((select id from public.products where handle = 'yellow-linen-handloom-jamdani-needlework-lotus-motif-korasutra'), 'https://cdn.shopify.com/s/files/1/0800/5258/4666/files/0ABE960E-149D-4730-B962-01155B3FE2CF.jpg?v=1768013142', 'Yellow Linen Handloom Jamdani Saree Lotus Motif Needlework With Zari Pallu', 3);
insert into public.product_images (product_id, url, alt_text, position) values ((select id from public.products where handle = 'yellow-linen-handloom-jamdani-needlework-lotus-motif-korasutra'), 'https://cdn.shopify.com/s/files/1/0800/5258/4666/files/A2F5FA0A-98E3-4DE0-B4CF-3B7CC46FB84A.jpg?v=1768013143', 'Yellow Linen Handloom Jamdani Saree Lotus Motif Needlework With Zari Pallu', 4);
insert into public.product_variants (product_id, sku, title, option1_name, option1_value, option2_name, option2_value, price, compare_at_price, inventory_qty, track_inventory, position) values ((select id from public.products where handle = 'yellow-linen-handloom-jamdani-needlework-lotus-motif-korasutra'), 'KSLNYW29', 'Default', null, null, null, null, 6750.00, null, 1, true, 0) on conflict (sku) do update set product_id = excluded.product_id, title = excluded.title, option1_name = excluded.option1_name, option1_value = excluded.option1_value, option2_name = excluded.option2_name, option2_value = excluded.option2_value, price = excluded.price, compare_at_price = excluded.compare_at_price, inventory_qty = excluded.inventory_qty, track_inventory = excluded.track_inventory, position = excluded.position;

-- maroon-pure-silk-kantha-stitch-saree-with-orli-threadwork-korasutra
insert into public.products (handle, title, description, short_description, category_id, fabric, technique, color, has_blouse_piece, status, price, compare_at_price, seo_title, seo_description, tags)
values ('maroon-pure-silk-kantha-stitch-saree-with-orli-threadwork-korasutra', 'Maroon Pure Silk Kantha Stitch Saree with Warli Threadwork', '<p>Elevate your ethnic wardrobe with this <strong data-start="101" data-end="141">maroon pure silk Kantha stitch saree</strong>, beautifully handcrafted with intricate handloom embroidery. Featuring traditional Kantha motifs and fine threadwork, this saree blends timeless artistry with luxurious silk drape. Perfect for festive occasions, cultural events, and elegant evenings, it offers a rich texture, graceful fall, and heirloom-worthy charm. A must-have <strong data-start="473" data-end="496">handloom silk saree</strong> for lovers of authentic Indian craftsmanship.</p>
<p><span>Length is 6.5m with blouse piece</span></p>', 'Elevate your ethnic wardrobe with this maroon pure silk Kantha stitch saree, beautifully handcrafted with intricate handloom embroidery. Featuring traditional Kantha motifs and fin', (select id from public.categories where slug = 'sarees'), 'silk', null, 'maroon', true, 'active'::public.product_status, 13950.00, null, null, null, array[]::text[])
on conflict (handle) do update set title = excluded.title, description = excluded.description, short_description = excluded.short_description, category_id = excluded.category_id, fabric = excluded.fabric, technique = excluded.technique, color = excluded.color, has_blouse_piece = excluded.has_blouse_piece, status = excluded.status, price = excluded.price, compare_at_price = excluded.compare_at_price, seo_title = excluded.seo_title, seo_description = excluded.seo_description, tags = excluded.tags;
delete from public.product_images where product_id = (select id from public.products where handle = 'maroon-pure-silk-kantha-stitch-saree-with-orli-threadwork-korasutra');
insert into public.product_images (product_id, url, alt_text, position) values ((select id from public.products where handle = 'maroon-pure-silk-kantha-stitch-saree-with-orli-threadwork-korasutra'), 'https://cdn.shopify.com/s/files/1/0800/5258/4666/files/MaroonHandloomKanthaStitchSareewithOrliThreadworkKorasutra.jpg?v=1768011869', 'Maroon Pure Silk Kantha Stitch Saree with Warli Threadwork', 0);
insert into public.product_images (product_id, url, alt_text, position) values ((select id from public.products where handle = 'maroon-pure-silk-kantha-stitch-saree-with-orli-threadwork-korasutra'), 'https://cdn.shopify.com/s/files/1/0800/5258/4666/files/DD0165E5-D08A-409B-99D5-5C6485F82F82.jpg?v=1768012517', 'Maroon Pure Silk Kantha Stitch Saree with Warli Threadwork', 1);
insert into public.product_images (product_id, url, alt_text, position) values ((select id from public.products where handle = 'maroon-pure-silk-kantha-stitch-saree-with-orli-threadwork-korasutra'), 'https://cdn.shopify.com/s/files/1/0800/5258/4666/files/B6F5B4C6-699D-4B4F-BE83-466217C65C7D.jpg?v=1768012517', 'Maroon Pure Silk Kantha Stitch Saree with Warli Threadwork', 2);
insert into public.product_images (product_id, url, alt_text, position) values ((select id from public.products where handle = 'maroon-pure-silk-kantha-stitch-saree-with-orli-threadwork-korasutra'), 'https://cdn.shopify.com/s/files/1/0800/5258/4666/files/583CBF37-9053-479C-B302-2FCD6F186A0F.jpg?v=1768012517', 'Maroon Pure Silk Kantha Stitch Saree with Warli Threadwork', 3);
insert into public.product_images (product_id, url, alt_text, position) values ((select id from public.products where handle = 'maroon-pure-silk-kantha-stitch-saree-with-orli-threadwork-korasutra'), 'https://cdn.shopify.com/s/files/1/0800/5258/4666/files/6DF22D53-FE20-445D-AF92-F6B0DDA4BA82.jpg?v=1768012517', 'Maroon Pure Silk Kantha Stitch Saree with Warli Threadwork', 4);
insert into public.product_variants (product_id, sku, title, option1_name, option1_value, option2_name, option2_value, price, compare_at_price, inventory_qty, track_inventory, position) values ((select id from public.products where handle = 'maroon-pure-silk-kantha-stitch-saree-with-orli-threadwork-korasutra'), 'KSKAMN15', 'Default', null, null, null, null, 13950.00, null, 1, true, 0) on conflict (sku) do update set product_id = excluded.product_id, title = excluded.title, option1_name = excluded.option1_name, option1_value = excluded.option1_value, option2_name = excluded.option2_name, option2_value = excluded.option2_value, price = excluded.price, compare_at_price = excluded.compare_at_price, inventory_qty = excluded.inventory_qty, track_inventory = excluded.track_inventory, position = excluded.position;

-- blue-handloom-kantha-stitch-saree-with-floral-threadwork_korasutra
insert into public.products (handle, title, description, short_description, category_id, fabric, technique, color, has_blouse_piece, status, price, compare_at_price, seo_title, seo_description, tags)
values ('blue-handloom-kantha-stitch-saree-with-floral-threadwork_korasutra', 'Blue Blended Silk Kantha Stitch Saree with Floral Threadwork', '<p><span>Add a touch of serene elegance to your wardrobe with this Blue Blended Silk Kantha Stitch Saree with Floral Threadwork from Korasutra. Crafted from premium blended silk, this saree showcases exquisite hand-embroidered Kantha stitching that reflects timeless artisanal craftsmanship. The calming blue base is beautifully adorned with delicate floral threadwork, creating a harmonious blend of tradition and contemporary charm.</span></p>
<p><span>Lenght 6.5 m with blouse piece</span></p>', 'Add a touch of serene elegance to your wardrobe with this Blue Blended Silk Kantha Stitch Saree with Floral Threadwork from Korasutra. Crafted from premium blended silk, this saree', (select id from public.categories where slug = 'sarees'), 'blended-silk', null, 'blue', true, 'active'::public.product_status, 6600.00, null, null, null, array[]::text[])
on conflict (handle) do update set title = excluded.title, description = excluded.description, short_description = excluded.short_description, category_id = excluded.category_id, fabric = excluded.fabric, technique = excluded.technique, color = excluded.color, has_blouse_piece = excluded.has_blouse_piece, status = excluded.status, price = excluded.price, compare_at_price = excluded.compare_at_price, seo_title = excluded.seo_title, seo_description = excluded.seo_description, tags = excluded.tags;
delete from public.product_images where product_id = (select id from public.products where handle = 'blue-handloom-kantha-stitch-saree-with-floral-threadwork_korasutra');
insert into public.product_images (product_id, url, alt_text, position) values ((select id from public.products where handle = 'blue-handloom-kantha-stitch-saree-with-floral-threadwork_korasutra'), 'https://cdn.shopify.com/s/files/1/0800/5258/4666/files/BlueHandloomKanthaStitchSareewithFloralThreadwork_Korasutra-Copy-Copy-Copy.png?v=1767774642', 'Blue Blended Silk Kantha Stitch Saree with Floral Threadwork', 0);
insert into public.product_images (product_id, url, alt_text, position) values ((select id from public.products where handle = 'blue-handloom-kantha-stitch-saree-with-floral-threadwork_korasutra'), 'https://cdn.shopify.com/s/files/1/0800/5258/4666/files/2A7AB906-7995-4946-A301-087FE4FDD087.png?v=1768013707', 'Blue Blended Silk Kantha Stitch Saree with Floral Threadwork', 1);
insert into public.product_images (product_id, url, alt_text, position) values ((select id from public.products where handle = 'blue-handloom-kantha-stitch-saree-with-floral-threadwork_korasutra'), 'https://cdn.shopify.com/s/files/1/0800/5258/4666/files/3D423999-131A-406E-9F47-813BE089DD0C.png?v=1768013707', 'Blue Blended Silk Kantha Stitch Saree with Floral Threadwork', 2);
insert into public.product_images (product_id, url, alt_text, position) values ((select id from public.products where handle = 'blue-handloom-kantha-stitch-saree-with-floral-threadwork_korasutra'), 'https://cdn.shopify.com/s/files/1/0800/5258/4666/files/AA986A7F-BD6C-4129-8BC2-BC7639729973.jpg?v=1768013707', 'Blue Blended Silk Kantha Stitch Saree with Floral Threadwork', 3);
insert into public.product_images (product_id, url, alt_text, position) values ((select id from public.products where handle = 'blue-handloom-kantha-stitch-saree-with-floral-threadwork_korasutra'), 'https://cdn.shopify.com/s/files/1/0800/5258/4666/files/7A654935-DA30-48E9-926D-1A26BD2B7B84.jpg?v=1768013707', 'Blue Blended Silk Kantha Stitch Saree with Floral Threadwork', 4);
insert into public.product_variants (product_id, sku, title, option1_name, option1_value, option2_name, option2_value, price, compare_at_price, inventory_qty, track_inventory, position) values ((select id from public.products where handle = 'blue-handloom-kantha-stitch-saree-with-floral-threadwork_korasutra'), 'KS-BLUE-HANDLOOM-KANTHA-STITCH-SAREE-WITH-FLORAL-THREADWORK-KORASUTRA-1', 'Default', null, null, null, null, 6600.00, null, 1, true, 0) on conflict (sku) do update set product_id = excluded.product_id, title = excluded.title, option1_name = excluded.option1_name, option1_value = excluded.option1_value, option2_name = excluded.option2_name, option2_value = excluded.option2_value, price = excluded.price, compare_at_price = excluded.compare_at_price, inventory_qty = excluded.inventory_qty, track_inventory = excluded.track_inventory, position = excluded.position;

-- black-handloom-kantha-stitch-saree-with-floral-threadwork_korasutra
insert into public.products (handle, title, description, short_description, category_id, fabric, technique, color, has_blouse_piece, status, price, compare_at_price, seo_title, seo_description, tags)
values ('black-handloom-kantha-stitch-saree-with-floral-threadwork_korasutra', 'Black Blended Silk Kantha Stitch Saree With Flower Motif', '<p><span>Step into effortless elegance with this Black Blended Silk Kantha Stitch Saree with Flower Motif from Korasutra. Crafted from premium blended silk, this saree is adorned with intricate hand-embroidered Kantha stitching that reflects timeless Indian craftsmanship. The deep black base creates a striking contrast with delicate floral motifs, adding a touch of femininity and artistic charm.</span></p>', 'Step into effortless elegance with this Black Blended Silk Kantha Stitch Saree with Flower Motif from Korasutra. Crafted from premium blended silk, this saree is adorned with intri', (select id from public.categories where slug = 'sarees'), 'blended-silk', null, 'black; red', false, 'active'::public.product_status, 6600.00, null, null, null, array[]::text[])
on conflict (handle) do update set title = excluded.title, description = excluded.description, short_description = excluded.short_description, category_id = excluded.category_id, fabric = excluded.fabric, technique = excluded.technique, color = excluded.color, has_blouse_piece = excluded.has_blouse_piece, status = excluded.status, price = excluded.price, compare_at_price = excluded.compare_at_price, seo_title = excluded.seo_title, seo_description = excluded.seo_description, tags = excluded.tags;
delete from public.product_images where product_id = (select id from public.products where handle = 'black-handloom-kantha-stitch-saree-with-floral-threadwork_korasutra');
insert into public.product_images (product_id, url, alt_text, position) values ((select id from public.products where handle = 'black-handloom-kantha-stitch-saree-with-floral-threadwork_korasutra'), 'https://cdn.shopify.com/s/files/1/0800/5258/4666/files/BlackHandloomKanthaStitchSareewithFloralThreadwork_Korasutra.png?v=1767774585', 'Black Blended Silk Kantha Stitch Saree With Flower Motif', 0);
insert into public.product_images (product_id, url, alt_text, position) values ((select id from public.products where handle = 'black-handloom-kantha-stitch-saree-with-floral-threadwork_korasutra'), 'https://cdn.shopify.com/s/files/1/0800/5258/4666/files/IMG_8154.png?v=1768030807', 'Black Blended Silk Kantha Stitch Saree With Flower Motif', 1);
insert into public.product_images (product_id, url, alt_text, position) values ((select id from public.products where handle = 'black-handloom-kantha-stitch-saree-with-floral-threadwork_korasutra'), 'https://cdn.shopify.com/s/files/1/0800/5258/4666/files/IMG_8150.png?v=1768030807', 'Black Blended Silk Kantha Stitch Saree With Flower Motif', 2);
insert into public.product_images (product_id, url, alt_text, position) values ((select id from public.products where handle = 'black-handloom-kantha-stitch-saree-with-floral-threadwork_korasutra'), 'https://cdn.shopify.com/s/files/1/0800/5258/4666/files/IMG_8149.png?v=1768030807', 'Black Blended Silk Kantha Stitch Saree With Flower Motif', 3);
insert into public.product_images (product_id, url, alt_text, position) values ((select id from public.products where handle = 'black-handloom-kantha-stitch-saree-with-floral-threadwork_korasutra'), 'https://cdn.shopify.com/s/files/1/0800/5258/4666/files/IMG_8142.jpg?v=1768030807', 'Black Blended Silk Kantha Stitch Saree With Flower Motif', 4);
insert into public.product_variants (product_id, sku, title, option1_name, option1_value, option2_name, option2_value, price, compare_at_price, inventory_qty, track_inventory, position) values ((select id from public.products where handle = 'black-handloom-kantha-stitch-saree-with-floral-threadwork_korasutra'), 'KSKABK16', 'Default', null, null, null, null, 6600.00, null, 0, true, 0) on conflict (sku) do update set product_id = excluded.product_id, title = excluded.title, option1_name = excluded.option1_name, option1_value = excluded.option1_value, option2_name = excluded.option2_name, option2_value = excluded.option2_value, price = excluded.price, compare_at_price = excluded.compare_at_price, inventory_qty = excluded.inventory_qty, track_inventory = excluded.track_inventory, position = excluded.position;

-- change-name-2
insert into public.products (handle, title, description, short_description, category_id, fabric, technique, color, has_blouse_piece, status, price, compare_at_price, seo_title, seo_description, tags)
values ('change-name-2', 'Grey Tussar Saree with Flower Motifs', null, null, (select id from public.categories where slug = 'sarees'), null, null, null, false, 'active'::public.product_status, 13250.00, null, null, null, array[]::text[])
on conflict (handle) do update set title = excluded.title, description = excluded.description, short_description = excluded.short_description, category_id = excluded.category_id, fabric = excluded.fabric, technique = excluded.technique, color = excluded.color, has_blouse_piece = excluded.has_blouse_piece, status = excluded.status, price = excluded.price, compare_at_price = excluded.compare_at_price, seo_title = excluded.seo_title, seo_description = excluded.seo_description, tags = excluded.tags;
delete from public.product_images where product_id = (select id from public.products where handle = 'change-name-2');
insert into public.product_images (product_id, url, alt_text, position) values ((select id from public.products where handle = 'change-name-2'), 'https://cdn.shopify.com/s/files/1/0800/5258/4666/files/IMG_8038.png?v=1767603171', 'Grey Tussar Saree with Flower Motifs', 0);
insert into public.product_images (product_id, url, alt_text, position) values ((select id from public.products where handle = 'change-name-2'), 'https://cdn.shopify.com/s/files/1/0800/5258/4666/files/IMG_8037.jpg?v=1768030834', 'Grey Tussar Saree with Flower Motifs', 1);
insert into public.product_images (product_id, url, alt_text, position) values ((select id from public.products where handle = 'change-name-2'), 'https://cdn.shopify.com/s/files/1/0800/5258/4666/files/IMG_8030.jpg?v=1768030834', 'Grey Tussar Saree with Flower Motifs', 2);
insert into public.product_images (product_id, url, alt_text, position) values ((select id from public.products where handle = 'change-name-2'), 'https://cdn.shopify.com/s/files/1/0800/5258/4666/files/IMG_8034.jpg?v=1768030834', 'Grey Tussar Saree with Flower Motifs', 3);
insert into public.product_images (product_id, url, alt_text, position) values ((select id from public.products where handle = 'change-name-2'), 'https://cdn.shopify.com/s/files/1/0800/5258/4666/files/IMG_8036.jpg?v=1768030834', 'Grey Tussar Saree with Flower Motifs', 4);
insert into public.product_variants (product_id, sku, title, option1_name, option1_value, option2_name, option2_value, price, compare_at_price, inventory_qty, track_inventory, position) values ((select id from public.products where handle = 'change-name-2'), 'KS-CHANGE-NAME-2-1', 'Default', null, null, null, null, 13250.00, null, 1, true, 0) on conflict (sku) do update set product_id = excluded.product_id, title = excluded.title, option1_name = excluded.option1_name, option1_value = excluded.option1_value, option2_name = excluded.option2_name, option2_value = excluded.option2_value, price = excluded.price, compare_at_price = excluded.compare_at_price, inventory_qty = excluded.inventory_qty, track_inventory = excluded.track_inventory, position = excluded.position;

-- change-name
insert into public.products (handle, title, description, short_description, category_id, fabric, technique, color, has_blouse_piece, status, price, compare_at_price, seo_title, seo_description, tags)
values ('change-name', 'Sea Green Tissue Muslin Saree with Sequin Work', '<p><span>Discover Sea Green Tissue Muslin Saree with shimmering sequin work. Handcrafted elegance by Korasutra for weddings, celebrations and evening occasions.</span></p>
<p><span>Length is 6.5m with blouse piece</span></p>', 'Discover Sea Green Tissue Muslin Saree with shimmering sequin work. Handcrafted elegance by Korasutra for weddings, celebrations and evening occasions.

Length is 6.5m with blouse ', (select id from public.categories where slug = 'sarees'), null, null, null, true, 'active'::public.product_status, 12599.00, null, null, null, array[]::text[])
on conflict (handle) do update set title = excluded.title, description = excluded.description, short_description = excluded.short_description, category_id = excluded.category_id, fabric = excluded.fabric, technique = excluded.technique, color = excluded.color, has_blouse_piece = excluded.has_blouse_piece, status = excluded.status, price = excluded.price, compare_at_price = excluded.compare_at_price, seo_title = excluded.seo_title, seo_description = excluded.seo_description, tags = excluded.tags;
delete from public.product_images where product_id = (select id from public.products where handle = 'change-name');
insert into public.product_images (product_id, url, alt_text, position) values ((select id from public.products where handle = 'change-name'), 'https://cdn.shopify.com/s/files/1/0800/5258/4666/files/990A3C08-3780-454C-93BF-0F94F0DA31AB.png?v=1767619206', 'Sea Green Tissue Muslin Saree with Sequin Work', 0);
insert into public.product_images (product_id, url, alt_text, position) values ((select id from public.products where handle = 'change-name'), 'https://cdn.shopify.com/s/files/1/0800/5258/4666/files/IMG_8014.png?v=1767619206', 'Sea Green Tissue Muslin Saree with Sequin Work', 1);
insert into public.product_images (product_id, url, alt_text, position) values ((select id from public.products where handle = 'change-name'), 'https://cdn.shopify.com/s/files/1/0800/5258/4666/files/IMG_8005_c179a2ea-dadc-4d55-a417-63a78c69a3fd.jpg?v=1767619206', 'Sea Green Tissue Muslin Saree with Sequin Work', 2);
insert into public.product_images (product_id, url, alt_text, position) values ((select id from public.products where handle = 'change-name'), 'https://cdn.shopify.com/s/files/1/0800/5258/4666/files/IMG_8006_1ac6b02f-edce-4000-b6ea-3b41777e6930.jpg?v=1767619206', 'Sea Green Tissue Muslin Saree with Sequin Work', 3);
insert into public.product_images (product_id, url, alt_text, position) values ((select id from public.products where handle = 'change-name'), 'https://cdn.shopify.com/s/files/1/0800/5258/4666/files/IMG_8007_16847a0f-1983-4397-bbb3-127302c67ed1.jpg?v=1767619206', 'Sea Green Tissue Muslin Saree with Sequin Work', 4);
insert into public.product_variants (product_id, sku, title, option1_name, option1_value, option2_name, option2_value, price, compare_at_price, inventory_qty, track_inventory, position) values ((select id from public.products where handle = 'change-name'), 'KS-CHANGE-NAME-1', 'Default', null, null, null, null, 12599.00, null, 1, true, 0) on conflict (sku) do update set product_id = excluded.product_id, title = excluded.title, option1_name = excluded.option1_name, option1_value = excluded.option1_value, option2_name = excluded.option2_name, option2_value = excluded.option2_value, price = excluded.price, compare_at_price = excluded.compare_at_price, inventory_qty = excluded.inventory_qty, track_inventory = excluded.track_inventory, position = excluded.position;

-- blue-tussar-silk-baluchari-saree-with-woven-motifs
insert into public.products (handle, title, description, short_description, category_id, fabric, technique, color, has_blouse_piece, status, price, compare_at_price, seo_title, seo_description, tags)
values ('blue-tussar-silk-baluchari-saree-with-woven-motifs', 'Blue Tussar Silk Baluchari Saree with Handwoven Motifs', '<p><span>Elevate your ethnic style with Korasutra’s Blue Tussar Silk Baluchari Saree, adorned with traditional handwoven motifs and regal Baluchari artistry.</span></p>
<p><span>length 6.25m with blouse piece </span></p>', 'Elevate your ethnic style with Korasutra’s Blue Tussar Silk Baluchari Saree, adorned with traditional handwoven motifs and regal Baluchari artistry.

length 6.25m with blouse piece', (select id from public.categories where slug = 'sarees'), 'tussar', null, 'blue', true, 'active'::public.product_status, 14250.00, null, null, null, array[]::text[])
on conflict (handle) do update set title = excluded.title, description = excluded.description, short_description = excluded.short_description, category_id = excluded.category_id, fabric = excluded.fabric, technique = excluded.technique, color = excluded.color, has_blouse_piece = excluded.has_blouse_piece, status = excluded.status, price = excluded.price, compare_at_price = excluded.compare_at_price, seo_title = excluded.seo_title, seo_description = excluded.seo_description, tags = excluded.tags;
delete from public.product_images where product_id = (select id from public.products where handle = 'blue-tussar-silk-baluchari-saree-with-woven-motifs');
insert into public.product_images (product_id, url, alt_text, position) values ((select id from public.products where handle = 'blue-tussar-silk-baluchari-saree-with-woven-motifs'), 'https://cdn.shopify.com/s/files/1/0800/5258/4666/files/BlueTussarSilkBaluchariSareewithWovenMotifs_Korasutra_6b2f510c-3875-421f-8acc-ba1049553565.jpg?v=1767602963', 'Blue Tussar Silk Baluchari Saree with Handwoven Motifs', 0);
insert into public.product_images (product_id, url, alt_text, position) values ((select id from public.products where handle = 'blue-tussar-silk-baluchari-saree-with-woven-motifs'), 'https://cdn.shopify.com/s/files/1/0800/5258/4666/files/AB4EB6B7-9B30-4839-B326-38DB3757B92C.png?v=1768738815', 'Blue Tussar Silk Baluchari Saree with Handwoven Motifs', 1);
insert into public.product_images (product_id, url, alt_text, position) values ((select id from public.products where handle = 'blue-tussar-silk-baluchari-saree-with-woven-motifs'), 'https://cdn.shopify.com/s/files/1/0800/5258/4666/files/IMG_7790.jpg?v=1768738815', 'Blue Tussar Silk Baluchari Saree with Handwoven Motifs', 2);
insert into public.product_images (product_id, url, alt_text, position) values ((select id from public.products where handle = 'blue-tussar-silk-baluchari-saree-with-woven-motifs'), 'https://cdn.shopify.com/s/files/1/0800/5258/4666/files/IMG_7786.jpg?v=1768738815', 'Blue Tussar Silk Baluchari Saree with Handwoven Motifs', 3);
insert into public.product_images (product_id, url, alt_text, position) values ((select id from public.products where handle = 'blue-tussar-silk-baluchari-saree-with-woven-motifs'), 'https://cdn.shopify.com/s/files/1/0800/5258/4666/files/IMG_7788.jpg?v=1768738815', 'Blue Tussar Silk Baluchari Saree with Handwoven Motifs', 4);
insert into public.product_variants (product_id, sku, title, option1_name, option1_value, option2_name, option2_value, price, compare_at_price, inventory_qty, track_inventory, position) values ((select id from public.products where handle = 'blue-tussar-silk-baluchari-saree-with-woven-motifs'), 'KS-BLUE-TUSSAR-SILK-BALUCHARI-SAREE-WITH-WOVEN-MOTIFS-1', 'Default', null, null, null, null, 14250.00, null, 1, true, 0) on conflict (sku) do update set product_id = excluded.product_id, title = excluded.title, option1_name = excluded.option1_name, option1_value = excluded.option1_value, option2_name = excluded.option2_name, option2_value = excluded.option2_value, price = excluded.price, compare_at_price = excluded.compare_at_price, inventory_qty = excluded.inventory_qty, track_inventory = excluded.track_inventory, position = excluded.position;

-- red-pure-silk-block-print-with-scripture-print
insert into public.products (handle, title, description, short_description, category_id, fabric, technique, color, has_blouse_piece, status, price, compare_at_price, seo_title, seo_description, tags)
values ('red-pure-silk-block-print-with-scripture-print', 'Red Pure Silk Block Print Saree With Scripture Print', '<p><span>Shop Red Pure Silk Block Print Saree with elegant scripture print. Handcrafted luxury silk saree by Korasutra, ideal for festive, wedding &amp; cultural occasions.</span></p>
<p><span>Length is 6.5m with blouse piece </span></p>', 'Shop Red Pure Silk Block Print Saree with elegant scripture print. Handcrafted luxury silk saree by Korasutra, ideal for festive, wedding & cultural occasions.

Length is 6.5m with', (select id from public.categories where slug = 'sarees'), null, null, null, true, 'active'::public.product_status, 7250.00, null, null, null, array[]::text[])
on conflict (handle) do update set title = excluded.title, description = excluded.description, short_description = excluded.short_description, category_id = excluded.category_id, fabric = excluded.fabric, technique = excluded.technique, color = excluded.color, has_blouse_piece = excluded.has_blouse_piece, status = excluded.status, price = excluded.price, compare_at_price = excluded.compare_at_price, seo_title = excluded.seo_title, seo_description = excluded.seo_description, tags = excluded.tags;
delete from public.product_images where product_id = (select id from public.products where handle = 'red-pure-silk-block-print-with-scripture-print');
insert into public.product_images (product_id, url, alt_text, position) values ((select id from public.products where handle = 'red-pure-silk-block-print-with-scripture-print'), 'https://cdn.shopify.com/s/files/1/0800/5258/4666/files/RedPureSilkBlockPrintWithScripturePrint_Korasutra.jpg?v=1767612428', 'Red Pure Silk Block Print Saree With Scripture Print', 0);
insert into public.product_images (product_id, url, alt_text, position) values ((select id from public.products where handle = 'red-pure-silk-block-print-with-scripture-print'), 'https://cdn.shopify.com/s/files/1/0800/5258/4666/files/IMG_7990.jpg?v=1767612442', 'Red Pure Silk Block Print Saree With Scripture Print', 1);
insert into public.product_images (product_id, url, alt_text, position) values ((select id from public.products where handle = 'red-pure-silk-block-print-with-scripture-print'), 'https://cdn.shopify.com/s/files/1/0800/5258/4666/files/IMG_7984.jpg?v=1767612442', 'Red Pure Silk Block Print Saree With Scripture Print', 2);
insert into public.product_images (product_id, url, alt_text, position) values ((select id from public.products where handle = 'red-pure-silk-block-print-with-scripture-print'), 'https://cdn.shopify.com/s/files/1/0800/5258/4666/files/IMG_7996.jpg?v=1767612428', 'Red Pure Silk Block Print Saree With Scripture Print', 3);
insert into public.product_images (product_id, url, alt_text, position) values ((select id from public.products where handle = 'red-pure-silk-block-print-with-scripture-print'), 'https://cdn.shopify.com/s/files/1/0800/5258/4666/files/IMG_7997.jpg?v=1767612428', 'Red Pure Silk Block Print Saree With Scripture Print', 4);
insert into public.product_variants (product_id, sku, title, option1_name, option1_value, option2_name, option2_value, price, compare_at_price, inventory_qty, track_inventory, position) values ((select id from public.products where handle = 'red-pure-silk-block-print-with-scripture-print'), 'KS-RED-PURE-SILK-BLOCK-PRINT-WITH-SCRIPTURE-PRINT-1', 'Default', null, null, null, null, 7250.00, null, 0, true, 0) on conflict (sku) do update set product_id = excluded.product_id, title = excluded.title, option1_name = excluded.option1_name, option1_value = excluded.option1_value, option2_name = excluded.option2_name, option2_value = excluded.option2_value, price = excluded.price, compare_at_price = excluded.compare_at_price, inventory_qty = excluded.inventory_qty, track_inventory = excluded.track_inventory, position = excluded.position;

-- blue-handloom-tussar-saree-with-flower-motifs
insert into public.products (handle, title, description, short_description, category_id, fabric, technique, color, has_blouse_piece, status, price, compare_at_price, seo_title, seo_description, tags)
values ('blue-handloom-tussar-saree-with-flower-motifs', 'Blue Handloom Tussar Saree with Flower Motifs', '<p> </p>
<p><span>Buy Blue Handloom Tussar Saree with flower motifs online at Korasutra. Authentic handwoven silk saree for festive, formal and cultural events.</span></p>
<p><span>Length is 6.25m with blouse piece</span></p>', 'Buy Blue Handloom Tussar Saree with flower motifs online at Korasutra. Authentic handwoven silk saree for festive, formal and cultural events.

Length is 6.25m with blouse piece', (select id from public.categories where slug = 'sarees'), null, null, null, true, 'active'::public.product_status, 13250.00, null, null, null, array[]::text[])
on conflict (handle) do update set title = excluded.title, description = excluded.description, short_description = excluded.short_description, category_id = excluded.category_id, fabric = excluded.fabric, technique = excluded.technique, color = excluded.color, has_blouse_piece = excluded.has_blouse_piece, status = excluded.status, price = excluded.price, compare_at_price = excluded.compare_at_price, seo_title = excluded.seo_title, seo_description = excluded.seo_description, tags = excluded.tags;
delete from public.product_images where product_id = (select id from public.products where handle = 'blue-handloom-tussar-saree-with-flower-motifs');
insert into public.product_images (product_id, url, alt_text, position) values ((select id from public.products where handle = 'blue-handloom-tussar-saree-with-flower-motifs'), 'https://cdn.shopify.com/s/files/1/0800/5258/4666/files/780FF1D4-8DDC-4C3E-B27B-4B39EBEAC171.jpg?v=1771694723', 'Blue Handloom Tussar Saree with Flower Motifs', 0);
insert into public.product_images (product_id, url, alt_text, position) values ((select id from public.products where handle = 'blue-handloom-tussar-saree-with-flower-motifs'), 'https://cdn.shopify.com/s/files/1/0800/5258/4666/files/BF35DA11-CF51-48F9-A989-F7C1E46A82A4.jpg?v=1771694723', 'Blue Handloom Tussar Saree with Flower Motifs', 1);
insert into public.product_images (product_id, url, alt_text, position) values ((select id from public.products where handle = 'blue-handloom-tussar-saree-with-flower-motifs'), 'https://cdn.shopify.com/s/files/1/0800/5258/4666/files/BlueHandloomTussarSareewithFlowerMotifs_Korasutra_1.jpg?v=1771694723', 'Blue Handloom Tussar Saree with Flower Motifs', 2);
insert into public.product_images (product_id, url, alt_text, position) values ((select id from public.products where handle = 'blue-handloom-tussar-saree-with-flower-motifs'), 'https://cdn.shopify.com/s/files/1/0800/5258/4666/files/BlueHandloomTussarSareewithFlowerMotifs_Korasutra.jpg?v=1771694723', 'Blue Handloom Tussar Saree with Flower Motifs', 3);
insert into public.product_images (product_id, url, alt_text, position) values ((select id from public.products where handle = 'blue-handloom-tussar-saree-with-flower-motifs'), 'https://cdn.shopify.com/s/files/1/0800/5258/4666/files/AEED7336-2110-4A20-A44E-3AA469467890.jpg?v=1771694723', 'Blue Handloom Tussar Saree with Flower Motifs', 4);
insert into public.product_variants (product_id, sku, title, option1_name, option1_value, option2_name, option2_value, price, compare_at_price, inventory_qty, track_inventory, position) values ((select id from public.products where handle = 'blue-handloom-tussar-saree-with-flower-motifs'), 'KS-BLUE-HANDLOOM-TUSSAR-SAREE-WITH-FLOWER-MOTIFS-1', 'Default', null, null, null, null, 13250.00, null, 1, true, 0) on conflict (sku) do update set product_id = excluded.product_id, title = excluded.title, option1_name = excluded.option1_name, option1_value = excluded.option1_value, option2_name = excluded.option2_name, option2_value = excluded.option2_value, price = excluded.price, compare_at_price = excluded.compare_at_price, inventory_qty = excluded.inventory_qty, track_inventory = excluded.track_inventory, position = excluded.position;

-- rust-tissue-linen-sequins
insert into public.products (handle, title, description, short_description, category_id, fabric, technique, color, has_blouse_piece, status, price, compare_at_price, seo_title, seo_description, tags)
values ('rust-tissue-linen-sequins', 'Rust Tissue Muslin Silk Saree with Seashell Border', '<p><span>Shop the Rust Tissue Muslin Silk Saree with Seashell Border from Korasutra. Lightweight, elegant, and breathable, this handcrafted saree features a subtle sheen and delicate seashell detailing—perfect for festive occasions, weddings, and graceful everyday wear.</span></p>
<p><span>Length 6.25m with blouse piece </span></p>', 'Shop the Rust Tissue Muslin Silk Saree with Seashell Border from Korasutra. Lightweight, elegant, and breathable, this handcrafted saree features a subtle sheen and delicate seashe', (select id from public.categories where slug = 'sarees'), 'tissue-muslin', null, 'rust', true, 'active'::public.product_status, 9775.00, null, null, null, array['Muslin', 'Tissue', 'Tissue Muslin']::text[])
on conflict (handle) do update set title = excluded.title, description = excluded.description, short_description = excluded.short_description, category_id = excluded.category_id, fabric = excluded.fabric, technique = excluded.technique, color = excluded.color, has_blouse_piece = excluded.has_blouse_piece, status = excluded.status, price = excluded.price, compare_at_price = excluded.compare_at_price, seo_title = excluded.seo_title, seo_description = excluded.seo_description, tags = excluded.tags;
delete from public.product_images where product_id = (select id from public.products where handle = 'rust-tissue-linen-sequins');
insert into public.product_images (product_id, url, alt_text, position) values ((select id from public.products where handle = 'rust-tissue-linen-sequins'), 'https://cdn.shopify.com/s/files/1/0800/5258/4666/files/RustTissueLinenSequins1.png?v=1767450298', 'Rust Tissue Muslin Silk Saree with Seashell Border', 0);
insert into public.product_images (product_id, url, alt_text, position) values ((select id from public.products where handle = 'rust-tissue-linen-sequins'), 'https://cdn.shopify.com/s/files/1/0800/5258/4666/files/RustTissueLinenSequins2.png?v=1767450299', 'Rust Tissue Muslin Silk Saree with Seashell Border', 1);
insert into public.product_images (product_id, url, alt_text, position) values ((select id from public.products where handle = 'rust-tissue-linen-sequins'), 'https://cdn.shopify.com/s/files/1/0800/5258/4666/files/RustTissueLinenSequins3.png?v=1767450298', 'Rust Tissue Muslin Silk Saree with Seashell Border', 2);
insert into public.product_images (product_id, url, alt_text, position) values ((select id from public.products where handle = 'rust-tissue-linen-sequins'), 'https://cdn.shopify.com/s/files/1/0800/5258/4666/files/RustTissueLinenSequins4.jpg?v=1767450299', 'Rust Tissue Muslin Silk Saree with Seashell Border', 3);
insert into public.product_images (product_id, url, alt_text, position) values ((select id from public.products where handle = 'rust-tissue-linen-sequins'), 'https://cdn.shopify.com/s/files/1/0800/5258/4666/files/RustTissueLinenSequins5.jpg?v=1767450299', 'Rust Tissue Muslin Silk Saree with Seashell Border', 4);
insert into public.product_variants (product_id, sku, title, option1_name, option1_value, option2_name, option2_value, price, compare_at_price, inventory_qty, track_inventory, position) values ((select id from public.products where handle = 'rust-tissue-linen-sequins'), 'KSMNRT31', 'Default', null, null, null, null, 9775.00, null, 0, true, 0) on conflict (sku) do update set product_id = excluded.product_id, title = excluded.title, option1_name = excluded.option1_name, option1_value = excluded.option1_value, option2_name = excluded.option2_name, option2_value = excluded.option2_value, price = excluded.price, compare_at_price = excluded.compare_at_price, inventory_qty = excluded.inventory_qty, track_inventory = excluded.track_inventory, position = excluded.position;

-- off-white-muslin-jamdani-needlework
insert into public.products (handle, title, description, short_description, category_id, fabric, technique, color, has_blouse_piece, status, price, compare_at_price, seo_title, seo_description, tags)
values ('off-white-muslin-jamdani-needlework', 'Pure Fine Muslin Silk Jamdani Saree Pink Needlework Detailing', '<p><span>Discover a fine muslin Jamdani saree featuring delicate hand needlework in pastel tones and a striking pink border. Light, sheer, and elegant.</span></p>
<p><span>Length 5.5 m , no blouse piece </span></p>', 'Discover a fine muslin Jamdani saree featuring delicate hand needlework in pastel tones and a striking pink border. Light, sheer, and elegant.

Length 5.5 m , no blouse piece', (select id from public.categories where slug = 'sarees'), 'muslin', null, 'beige', true, 'active'::public.product_status, 8999.00, null, null, null, array['bengal jamdani', 'day wear saree', 'elegant saree', 'festive saree', 'fine muslin saree', 'hand needlework saree', 'handcrafted saree', 'jamdani saree', 'lightweight saree', 'luxury saree', 'Muslin', 'muslin jamdani saree', 'premium handloom saree', 'sheer muslin saree', 'summer saree', 'traditional jamdani saree']::text[])
on conflict (handle) do update set title = excluded.title, description = excluded.description, short_description = excluded.short_description, category_id = excluded.category_id, fabric = excluded.fabric, technique = excluded.technique, color = excluded.color, has_blouse_piece = excluded.has_blouse_piece, status = excluded.status, price = excluded.price, compare_at_price = excluded.compare_at_price, seo_title = excluded.seo_title, seo_description = excluded.seo_description, tags = excluded.tags;
delete from public.product_images where product_id = (select id from public.products where handle = 'off-white-muslin-jamdani-needlework');
insert into public.product_images (product_id, url, alt_text, position) values ((select id from public.products where handle = 'off-white-muslin-jamdani-needlework'), 'https://cdn.shopify.com/s/files/1/0800/5258/4666/files/351610E0-3729-4B40-816E-F2242F47101D.png?v=1770808032', 'Pure Fine Muslin Silk Jamdani Saree Pink Needlework Detailing', 0);
insert into public.product_images (product_id, url, alt_text, position) values ((select id from public.products where handle = 'off-white-muslin-jamdani-needlework'), 'https://cdn.shopify.com/s/files/1/0800/5258/4666/files/FullSizeRender_f0bd51b7-a75b-4646-abfc-899e85edbbf4.jpg?v=1770808032', 'Pure Fine Muslin Silk Jamdani Saree Pink Needlework Detailing', 1);
insert into public.product_images (product_id, url, alt_text, position) values ((select id from public.products where handle = 'off-white-muslin-jamdani-needlework'), 'https://cdn.shopify.com/s/files/1/0800/5258/4666/files/OffWhiteMuslinJamdaniNeedlework5.jpg?v=1770808032', 'Pure Fine Muslin Silk Jamdani Saree Pink Needlework Detailing', 2);
insert into public.product_images (product_id, url, alt_text, position) values ((select id from public.products where handle = 'off-white-muslin-jamdani-needlework'), 'https://cdn.shopify.com/s/files/1/0800/5258/4666/files/B8C1F9A8-6E01-4801-80AA-6EF8281AF970.jpg?v=1770808032', 'Pure Fine Muslin Silk Jamdani Saree Pink Needlework Detailing', 3);
insert into public.product_images (product_id, url, alt_text, position) values ((select id from public.products where handle = 'off-white-muslin-jamdani-needlework'), 'https://cdn.shopify.com/s/files/1/0800/5258/4666/files/OffWhiteMuslinJamdaniNeedlework2.jpg?v=1770808032', 'Pure Fine Muslin Silk Jamdani Saree Pink Needlework Detailing', 4);
insert into public.product_variants (product_id, sku, title, option1_name, option1_value, option2_name, option2_value, price, compare_at_price, inventory_qty, track_inventory, position) values ((select id from public.products where handle = 'off-white-muslin-jamdani-needlework'), 'KS-OFF-WHITE-MUSLIN-JAMDANI-NEEDLEWORK-1', 'Default', null, null, null, null, 8999.00, null, 0, true, 0) on conflict (sku) do update set product_id = excluded.product_id, title = excluded.title, option1_name = excluded.option1_name, option1_value = excluded.option1_value, option2_name = excluded.option2_name, option2_value = excluded.option2_value, price = excluded.price, compare_at_price = excluded.compare_at_price, inventory_qty = excluded.inventory_qty, track_inventory = excluded.track_inventory, position = excluded.position;

-- maroon-linen-muslin-needlework
insert into public.products (handle, title, description, short_description, category_id, fabric, technique, color, has_blouse_piece, status, price, compare_at_price, seo_title, seo_description, tags)
values ('maroon-linen-muslin-needlework', 'Chocolate Brown Linen Muslin Silk Saree With Bird Motif Needlework', '<p><span>Enhance your ethnic style with the chocolate brown Linen Muslin Saree from Korasutra. Handcrafted with intricate bird motif needlework, this saree blends traditional artistry with contemporary appeal. Made from a premium linen-muslin fabric, it is lightweight, breathable, and ideal for summer wear, festive celebrations, office wear, and elegant day gatherings. A perfect fusion of comfort, craftsmanship, and sophistication.</span></p>
<p><span>Length 6.5 m with blouse piece </span></p>', 'Enhance your ethnic style with the chocolate brown Linen Muslin Saree from Korasutra. Handcrafted with intricate bird motif needlework, this saree blends traditional artistry with ', (select id from public.categories where slug = 'sarees'), null, null, 'maroon; chocolate; brown', true, 'active'::public.product_status, 9750.00, null, null, 'Enhance your ethnic style with the Maroon Linen Muslin Saree from Korasutra. Handcrafted with intricate bird motif needlework, this saree blends traditional artistry with contemporary appeal. Made from a premium linen-muslin fabric, it is lightweight, breathable, and ideal for summer wear, festive celebrations, office wear, and elegant day gatherings. A perfect fusion of comfort, craftsmanship, and sophistication. Length 6.5 m with blouse piece', array[]::text[])
on conflict (handle) do update set title = excluded.title, description = excluded.description, short_description = excluded.short_description, category_id = excluded.category_id, fabric = excluded.fabric, technique = excluded.technique, color = excluded.color, has_blouse_piece = excluded.has_blouse_piece, status = excluded.status, price = excluded.price, compare_at_price = excluded.compare_at_price, seo_title = excluded.seo_title, seo_description = excluded.seo_description, tags = excluded.tags;
delete from public.product_images where product_id = (select id from public.products where handle = 'maroon-linen-muslin-needlework');
insert into public.product_images (product_id, url, alt_text, position) values ((select id from public.products where handle = 'maroon-linen-muslin-needlework'), 'https://cdn.shopify.com/s/files/1/0800/5258/4666/files/MaroonLinenMuslinNeedlework0.jpg?v=1771689434', 'Chocolate Brown Linen Muslin Silk Saree With Bird Motif Needlework', 0);
insert into public.product_images (product_id, url, alt_text, position) values ((select id from public.products where handle = 'maroon-linen-muslin-needlework'), 'https://cdn.shopify.com/s/files/1/0800/5258/4666/files/MaroonLinenMuslinNeedlework6.png?v=1771689434', 'Chocolate Brown Linen Muslin Silk Saree With Bird Motif Needlework', 1);
insert into public.product_images (product_id, url, alt_text, position) values ((select id from public.products where handle = 'maroon-linen-muslin-needlework'), 'https://cdn.shopify.com/s/files/1/0800/5258/4666/files/MaroonLinenMuslinNeedlework1.png?v=1771689434', 'Chocolate Brown Linen Muslin Silk Saree With Bird Motif Needlework', 2);
insert into public.product_images (product_id, url, alt_text, position) values ((select id from public.products where handle = 'maroon-linen-muslin-needlework'), 'https://cdn.shopify.com/s/files/1/0800/5258/4666/files/MaroonLinenMuslinNeedlework2.jpg?v=1771689434', 'Chocolate Brown Linen Muslin Silk Saree With Bird Motif Needlework', 3);
insert into public.product_images (product_id, url, alt_text, position) values ((select id from public.products where handle = 'maroon-linen-muslin-needlework'), 'https://cdn.shopify.com/s/files/1/0800/5258/4666/files/MaroonLinenMuslinNeedlework3.jpg?v=1771689434', 'Chocolate Brown Linen Muslin Silk Saree With Bird Motif Needlework', 4);
insert into public.product_variants (product_id, sku, title, option1_name, option1_value, option2_name, option2_value, price, compare_at_price, inventory_qty, track_inventory, position) values ((select id from public.products where handle = 'maroon-linen-muslin-needlework'), 'KSLNMN20', 'Default', null, null, null, null, 9750.00, null, 1, true, 0) on conflict (sku) do update set product_id = excluded.product_id, title = excluded.title, option1_name = excluded.option1_name, option1_value = excluded.option1_value, option2_name = excluded.option2_name, option2_value = excluded.option2_value, price = excluded.price, compare_at_price = excluded.compare_at_price, inventory_qty = excluded.inventory_qty, track_inventory = excluded.track_inventory, position = excluded.position;

-- grey-pure-silk-wax-batik
insert into public.products (handle, title, description, short_description, category_id, fabric, technique, color, has_blouse_piece, status, price, compare_at_price, seo_title, seo_description, tags)
values ('grey-pure-silk-wax-batik', 'Grey Pure Silk Wax Batik Saree with Leaf Motif', '<p><span>Shop Grey Pure Silk Wax Batik Saree with elegant leaf motif. Handcrafted luxury silk saree by Korasutra, perfect for festive and formal occasions.</span></p>
<p><span>Length is 6.5m with blouse piece </span></p>', 'Shop Grey Pure Silk Wax Batik Saree with elegant leaf motif. Handcrafted luxury silk saree by Korasutra, perfect for festive and formal occasions.

Length is 6.5m with blouse piece', (select id from public.categories where slug = 'sarees'), null, null, 'grey', true, 'active'::public.product_status, 7750.00, null, null, null, array[]::text[])
on conflict (handle) do update set title = excluded.title, description = excluded.description, short_description = excluded.short_description, category_id = excluded.category_id, fabric = excluded.fabric, technique = excluded.technique, color = excluded.color, has_blouse_piece = excluded.has_blouse_piece, status = excluded.status, price = excluded.price, compare_at_price = excluded.compare_at_price, seo_title = excluded.seo_title, seo_description = excluded.seo_description, tags = excluded.tags;
delete from public.product_images where product_id = (select id from public.products where handle = 'grey-pure-silk-wax-batik');
insert into public.product_images (product_id, url, alt_text, position) values ((select id from public.products where handle = 'grey-pure-silk-wax-batik'), 'https://cdn.shopify.com/s/files/1/0800/5258/4666/files/GreyPureSilkWaxBatik1.jpg?v=1767449606', 'Grey Pure Silk Wax Batik Saree with Leaf Motif', 0);
insert into public.product_images (product_id, url, alt_text, position) values ((select id from public.products where handle = 'grey-pure-silk-wax-batik'), 'https://cdn.shopify.com/s/files/1/0800/5258/4666/files/GreyPureSilkWaxBatik7.jpg?v=1768995684', 'Grey Pure Silk Wax Batik Saree with Leaf Motif', 1);
insert into public.product_images (product_id, url, alt_text, position) values ((select id from public.products where handle = 'grey-pure-silk-wax-batik'), 'https://cdn.shopify.com/s/files/1/0800/5258/4666/files/GreyPureSilkWaxBatik2-Copy.jpg?v=1768995684', 'Grey Pure Silk Wax Batik Saree with Leaf Motif', 2);
insert into public.product_images (product_id, url, alt_text, position) values ((select id from public.products where handle = 'grey-pure-silk-wax-batik'), 'https://cdn.shopify.com/s/files/1/0800/5258/4666/files/GreyPureSilkWaxBatik4.jpg?v=1768995684', 'Grey Pure Silk Wax Batik Saree with Leaf Motif', 3);
insert into public.product_images (product_id, url, alt_text, position) values ((select id from public.products where handle = 'grey-pure-silk-wax-batik'), 'https://cdn.shopify.com/s/files/1/0800/5258/4666/files/GreyPureSilkWaxBatik5.jpg?v=1768995684', 'Grey Pure Silk Wax Batik Saree with Leaf Motif', 4);
insert into public.product_variants (product_id, sku, title, option1_name, option1_value, option2_name, option2_value, price, compare_at_price, inventory_qty, track_inventory, position) values ((select id from public.products where handle = 'grey-pure-silk-wax-batik'), 'KS-GREY-PURE-SILK-WAX-BATIK-1', 'Default', null, null, null, null, 7750.00, null, 1, true, 0) on conflict (sku) do update set product_id = excluded.product_id, title = excluded.title, option1_name = excluded.option1_name, option1_value = excluded.option1_value, option2_name = excluded.option2_name, option2_value = excluded.option2_value, price = excluded.price, compare_at_price = excluded.compare_at_price, inventory_qty = excluded.inventory_qty, track_inventory = excluded.track_inventory, position = excluded.position;

-- yellow-pure-silk-block-print
insert into public.products (handle, title, description, short_description, category_id, fabric, technique, color, has_blouse_piece, status, price, compare_at_price, seo_title, seo_description, tags)
values ('yellow-pure-silk-block-print', 'Yellow Pure Silk Block Print Saree with Black Striped Border', '<p><span>Shop Yellow Pure Silk Block Print Saree with black striped border. Handcrafted luxury silk saree by Korasutra, perfect for festive and elegant occasions.</span></p>
<p><span>Length is 6.5m with blouse piece</span></p>', 'Shop Yellow Pure Silk Block Print Saree with black striped border. Handcrafted luxury silk saree by Korasutra, perfect for festive and elegant occasions.

Length is 6.5m with blous', (select id from public.categories where slug = 'sarees'), null, null, 'yellow', true, 'active'::public.product_status, 7250.00, null, null, null, array[]::text[])
on conflict (handle) do update set title = excluded.title, description = excluded.description, short_description = excluded.short_description, category_id = excluded.category_id, fabric = excluded.fabric, technique = excluded.technique, color = excluded.color, has_blouse_piece = excluded.has_blouse_piece, status = excluded.status, price = excluded.price, compare_at_price = excluded.compare_at_price, seo_title = excluded.seo_title, seo_description = excluded.seo_description, tags = excluded.tags;
delete from public.product_images where product_id = (select id from public.products where handle = 'yellow-pure-silk-block-print');
insert into public.product_images (product_id, url, alt_text, position) values ((select id from public.products where handle = 'yellow-pure-silk-block-print'), 'https://cdn.shopify.com/s/files/1/0800/5258/4666/files/YellowPureSilkBlockPrint1.jpg?v=1767428394', 'Yellow Pure Silk Block Print Saree with Black Striped Border', 0);
insert into public.product_images (product_id, url, alt_text, position) values ((select id from public.products where handle = 'yellow-pure-silk-block-print'), 'https://cdn.shopify.com/s/files/1/0800/5258/4666/files/45AA1668-F524-451A-A3B3-0696F91F8CDA.jpg?v=1767484215', 'Yellow Pure Silk Block Print Saree with Black Striped Border', 1);
insert into public.product_images (product_id, url, alt_text, position) values ((select id from public.products where handle = 'yellow-pure-silk-block-print'), 'https://cdn.shopify.com/s/files/1/0800/5258/4666/files/YellowPureSilkBlockPrint2.jpg?v=1767484215', 'Yellow Pure Silk Block Print Saree with Black Striped Border', 2);
insert into public.product_images (product_id, url, alt_text, position) values ((select id from public.products where handle = 'yellow-pure-silk-block-print'), 'https://cdn.shopify.com/s/files/1/0800/5258/4666/files/YellowPureSilkBlockPrint3.jpg?v=1767484215', 'Yellow Pure Silk Block Print Saree with Black Striped Border', 3);
insert into public.product_images (product_id, url, alt_text, position) values ((select id from public.products where handle = 'yellow-pure-silk-block-print'), 'https://cdn.shopify.com/s/files/1/0800/5258/4666/files/YellowPureSilkBlockPrint4.jpg?v=1767484215', 'Yellow Pure Silk Block Print Saree with Black Striped Border', 4);
insert into public.product_variants (product_id, sku, title, option1_name, option1_value, option2_name, option2_value, price, compare_at_price, inventory_qty, track_inventory, position) values ((select id from public.products where handle = 'yellow-pure-silk-block-print'), 'KS-YELLOW-PURE-SILK-BLOCK-PRINT-1', 'Default', null, null, null, null, 7250.00, null, 1, true, 0) on conflict (sku) do update set product_id = excluded.product_id, title = excluded.title, option1_name = excluded.option1_name, option1_value = excluded.option1_value, option2_name = excluded.option2_name, option2_value = excluded.option2_value, price = excluded.price, compare_at_price = excluded.compare_at_price, inventory_qty = excluded.inventory_qty, track_inventory = excluded.track_inventory, position = excluded.position;

-- pink-tissue-muslin-sequins
insert into public.products (handle, title, description, short_description, category_id, fabric, technique, color, has_blouse_piece, status, price, compare_at_price, seo_title, seo_description, tags)
values ('pink-tissue-muslin-sequins', 'Pink Tissue Bengal Silk Saree With Sequins', '<p><span>Shop elegant Pink Tissue Bengal Silk Saree with delicate sequin work at Korasutra. Perfect for weddings, parties &amp; festive occasions. Buy online now.</span></p>
<p><span>Length is 6.5m with blouse piece </span></p>', 'Shop elegant Pink Tissue Bengal Silk Saree with delicate sequin work at Korasutra. Perfect for weddings, parties & festive occasions. Buy online now.

Length is 6.5m with blouse pi', (select id from public.categories where slug = 'sarees'), null, null, 'pink', true, 'active'::public.product_status, 11399.00, null, null, null, array[]::text[])
on conflict (handle) do update set title = excluded.title, description = excluded.description, short_description = excluded.short_description, category_id = excluded.category_id, fabric = excluded.fabric, technique = excluded.technique, color = excluded.color, has_blouse_piece = excluded.has_blouse_piece, status = excluded.status, price = excluded.price, compare_at_price = excluded.compare_at_price, seo_title = excluded.seo_title, seo_description = excluded.seo_description, tags = excluded.tags;
delete from public.product_images where product_id = (select id from public.products where handle = 'pink-tissue-muslin-sequins');
insert into public.product_images (product_id, url, alt_text, position) values ((select id from public.products where handle = 'pink-tissue-muslin-sequins'), 'https://cdn.shopify.com/s/files/1/0800/5258/4666/files/4BB8364E-F5BB-4AD6-85ED-141CC868C40B.png?v=1767530519', 'Pink Tissue Bengal Silk Saree With Sequins', 0);
insert into public.product_images (product_id, url, alt_text, position) values ((select id from public.products where handle = 'pink-tissue-muslin-sequins'), 'https://cdn.shopify.com/s/files/1/0800/5258/4666/files/PinkTissueMuslinSequins-0.png?v=1767530519', 'Pink Tissue Bengal Silk Saree With Sequins', 1);
insert into public.product_images (product_id, url, alt_text, position) values ((select id from public.products where handle = 'pink-tissue-muslin-sequins'), 'https://cdn.shopify.com/s/files/1/0800/5258/4666/files/PinkTissueMuslinSequins_1.jpg?v=1767530519', 'Pink Tissue Bengal Silk Saree With Sequins', 2);
insert into public.product_images (product_id, url, alt_text, position) values ((select id from public.products where handle = 'pink-tissue-muslin-sequins'), 'https://cdn.shopify.com/s/files/1/0800/5258/4666/files/PinkTissueMuslinSequins_2.jpg?v=1767530519', 'Pink Tissue Bengal Silk Saree With Sequins', 3);
insert into public.product_images (product_id, url, alt_text, position) values ((select id from public.products where handle = 'pink-tissue-muslin-sequins'), 'https://cdn.shopify.com/s/files/1/0800/5258/4666/files/PinkTissueMuslinSequins_3.jpg?v=1767530519', 'Pink Tissue Bengal Silk Saree With Sequins', 4);
insert into public.product_variants (product_id, sku, title, option1_name, option1_value, option2_name, option2_value, price, compare_at_price, inventory_qty, track_inventory, position) values ((select id from public.products where handle = 'pink-tissue-muslin-sequins'), 'KS-PINK-TISSUE-MUSLIN-SEQUINS-1', 'Default', null, null, null, null, 11399.00, null, 0, true, 0) on conflict (sku) do update set product_id = excluded.product_id, title = excluded.title, option1_name = excluded.option1_name, option1_value = excluded.option1_value, option2_name = excluded.option2_name, option2_value = excluded.option2_value, price = excluded.price, compare_at_price = excluded.compare_at_price, inventory_qty = excluded.inventory_qty, track_inventory = excluded.track_inventory, position = excluded.position;

-- pink-linen-niddle-work
insert into public.products (handle, title, description, short_description, category_id, fabric, technique, color, has_blouse_piece, status, price, compare_at_price, seo_title, seo_description, tags)
values ('pink-linen-niddle-work', 'Pink Linen Jamdani Saree With Needlework', '<p dir="auto">Shop Pink Linen Jamdani Saree with exquisite needlework from Korasutra. Lightweight, breathable handcrafted luxury saree in soft pink – perfect for festive elegance.</p>
<p dir="auto">Length 6.5m with blouse piece </p>', 'Shop Pink Linen Jamdani Saree with exquisite needlework from Korasutra. Lightweight, breathable handcrafted luxury saree in soft pink – perfect for festive elegance.

Length 6.5m w', (select id from public.categories where slug = 'sarees'), 'linen', null, 'pink', true, 'active'::public.product_status, 4250.00, null, null, null, array[]::text[])
on conflict (handle) do update set title = excluded.title, description = excluded.description, short_description = excluded.short_description, category_id = excluded.category_id, fabric = excluded.fabric, technique = excluded.technique, color = excluded.color, has_blouse_piece = excluded.has_blouse_piece, status = excluded.status, price = excluded.price, compare_at_price = excluded.compare_at_price, seo_title = excluded.seo_title, seo_description = excluded.seo_description, tags = excluded.tags;
delete from public.product_images where product_id = (select id from public.products where handle = 'pink-linen-niddle-work');
insert into public.product_images (product_id, url, alt_text, position) values ((select id from public.products where handle = 'pink-linen-niddle-work'), 'https://cdn.shopify.com/s/files/1/0800/5258/4666/files/PinkLinenNiddleWork1.jpg?v=1767428266', 'Pink Linen Jamdani Saree With Needlework', 0);
insert into public.product_images (product_id, url, alt_text, position) values ((select id from public.products where handle = 'pink-linen-niddle-work'), 'https://cdn.shopify.com/s/files/1/0800/5258/4666/files/PinkLinenNiddleWork2.jpg?v=1767428267', 'Pink Linen Jamdani Saree With Needlework', 1);
insert into public.product_images (product_id, url, alt_text, position) values ((select id from public.products where handle = 'pink-linen-niddle-work'), 'https://cdn.shopify.com/s/files/1/0800/5258/4666/files/PinkLinenNiddleWork3.jpg?v=1767428266', 'Pink Linen Jamdani Saree With Needlework', 2);
insert into public.product_images (product_id, url, alt_text, position) values ((select id from public.products where handle = 'pink-linen-niddle-work'), 'https://cdn.shopify.com/s/files/1/0800/5258/4666/files/PinkLinenNiddleWork4.jpg?v=1767428267', 'Pink Linen Jamdani Saree With Needlework', 3);
insert into public.product_images (product_id, url, alt_text, position) values ((select id from public.products where handle = 'pink-linen-niddle-work'), 'https://cdn.shopify.com/s/files/1/0800/5258/4666/files/PinkLinenNiddleWork5.jpg?v=1767428269', 'Pink Linen Jamdani Saree With Needlework', 4);
insert into public.product_variants (product_id, sku, title, option1_name, option1_value, option2_name, option2_value, price, compare_at_price, inventory_qty, track_inventory, position) values ((select id from public.products where handle = 'pink-linen-niddle-work'), 'KSLNPK26', 'Default', null, null, null, null, 4250.00, null, 1, true, 0) on conflict (sku) do update set product_id = excluded.product_id, title = excluded.title, option1_name = excluded.option1_name, option1_value = excluded.option1_value, option2_name = excluded.option2_name, option2_value = excluded.option2_value, price = excluded.price, compare_at_price = excluded.compare_at_price, inventory_qty = excluded.inventory_qty, track_inventory = excluded.track_inventory, position = excluded.position;

-- maroon-pure-silk-kantha
insert into public.products (handle, title, description, short_description, category_id, fabric, technique, color, has_blouse_piece, status, price, compare_at_price, seo_title, seo_description, tags)
values ('maroon-pure-silk-kantha', 'Maroon Pure Silk Kantha Stitch Saree with Lotus Motif Threadwork', '<p><span>Indulge in regal elegance with this Maroon Pure Silk Kantha Stitch Saree with Lotus Motif Threadwork from Korasutra. Crafted from luxurious pure silk, this saree features exquisite hand-embroidered Kantha stitching, celebrating India’s rich textile heritage. The deep maroon hue exudes sophistication, while the delicate lotus motif threadwork symbolizes purity, grace, and timeless beauty.</span></p>
<p><span>Length 6.5m with blouse piece </span></p>', 'Indulge in regal elegance with this Maroon Pure Silk Kantha Stitch Saree with Lotus Motif Threadwork from Korasutra. Crafted from luxurious pure silk, this saree features exquisite', (select id from public.categories where slug = 'sarees'), 'silk', null, 'maroon', true, 'active'::public.product_status, 13250.00, null, null, null, array[]::text[])
on conflict (handle) do update set title = excluded.title, description = excluded.description, short_description = excluded.short_description, category_id = excluded.category_id, fabric = excluded.fabric, technique = excluded.technique, color = excluded.color, has_blouse_piece = excluded.has_blouse_piece, status = excluded.status, price = excluded.price, compare_at_price = excluded.compare_at_price, seo_title = excluded.seo_title, seo_description = excluded.seo_description, tags = excluded.tags;
delete from public.product_images where product_id = (select id from public.products where handle = 'maroon-pure-silk-kantha');
insert into public.product_images (product_id, url, alt_text, position) values ((select id from public.products where handle = 'maroon-pure-silk-kantha'), 'https://cdn.shopify.com/s/files/1/0800/5258/4666/files/MaroonPureSilkKantha1.jpg?v=1767428179', 'Maroon Pure Silk Kantha Stitch Saree with Lotus Motif Threadwork', 0);
insert into public.product_images (product_id, url, alt_text, position) values ((select id from public.products where handle = 'maroon-pure-silk-kantha'), 'https://cdn.shopify.com/s/files/1/0800/5258/4666/files/MaroonPureSilkKantha2.jpg?v=1767428180', 'Maroon Pure Silk Kantha Stitch Saree with Lotus Motif Threadwork', 1);
insert into public.product_images (product_id, url, alt_text, position) values ((select id from public.products where handle = 'maroon-pure-silk-kantha'), 'https://cdn.shopify.com/s/files/1/0800/5258/4666/files/MaroonPureSilkKantha3.jpg?v=1767428180', 'Maroon Pure Silk Kantha Stitch Saree with Lotus Motif Threadwork', 2);
insert into public.product_images (product_id, url, alt_text, position) values ((select id from public.products where handle = 'maroon-pure-silk-kantha'), 'https://cdn.shopify.com/s/files/1/0800/5258/4666/files/MaroonPureSilkKantha4.jpg?v=1767428180', 'Maroon Pure Silk Kantha Stitch Saree with Lotus Motif Threadwork', 3);
insert into public.product_images (product_id, url, alt_text, position) values ((select id from public.products where handle = 'maroon-pure-silk-kantha'), 'https://cdn.shopify.com/s/files/1/0800/5258/4666/files/MaroonPureSilkKantha5.png?v=1767428179', 'Maroon Pure Silk Kantha Stitch Saree with Lotus Motif Threadwork', 4);
insert into public.product_variants (product_id, sku, title, option1_name, option1_value, option2_name, option2_value, price, compare_at_price, inventory_qty, track_inventory, position) values ((select id from public.products where handle = 'maroon-pure-silk-kantha'), 'KSKNMN12', 'Default', null, null, null, null, 13250.00, null, 1, true, 0) on conflict (sku) do update set product_id = excluded.product_id, title = excluded.title, option1_name = excluded.option1_name, option1_value = excluded.option1_value, option2_name = excluded.option2_name, option2_value = excluded.option2_value, price = excluded.price, compare_at_price = excluded.compare_at_price, inventory_qty = excluded.inventory_qty, track_inventory = excluded.track_inventory, position = excluded.position;

-- green-blended-silk-kantha
insert into public.products (handle, title, description, short_description, category_id, fabric, technique, color, has_blouse_piece, status, price, compare_at_price, seo_title, seo_description, tags)
values ('green-blended-silk-kantha', 'Green Blended Silk Kantha Stitch Saree With Swan Motif', '<p><span>Embrace timeless elegance with this Green Blended Silk Kantha Stitch Saree with Swan Motif from Korasutra. Crafted from premium blended silk, this saree features exquisite hand-embroidered Kantha stitching, celebrating traditional craftsmanship with a refined contemporary appeal. The serene green base is beautifully enhanced by graceful swan motifs, symbolizing beauty, purity, and harmony.</span></p>
<p><span>Length 6.25m with blouse piece </span></p>
<p><span> </span></p>', 'Embrace timeless elegance with this Green Blended Silk Kantha Stitch Saree with Swan Motif from Korasutra. Crafted from premium blended silk, this saree features exquisite hand-emb', (select id from public.categories where slug = 'sarees'), null, null, 'green', true, 'active'::public.product_status, 6600.00, null, null, null, array[]::text[])
on conflict (handle) do update set title = excluded.title, description = excluded.description, short_description = excluded.short_description, category_id = excluded.category_id, fabric = excluded.fabric, technique = excluded.technique, color = excluded.color, has_blouse_piece = excluded.has_blouse_piece, status = excluded.status, price = excluded.price, compare_at_price = excluded.compare_at_price, seo_title = excluded.seo_title, seo_description = excluded.seo_description, tags = excluded.tags;
delete from public.product_images where product_id = (select id from public.products where handle = 'green-blended-silk-kantha');
insert into public.product_images (product_id, url, alt_text, position) values ((select id from public.products where handle = 'green-blended-silk-kantha'), 'https://cdn.shopify.com/s/files/1/0800/5258/4666/files/16B10BD3-7E27-4F6E-9062-F26B89A6BF65.jpg?v=1767666128', 'Green Blended Silk Kantha Stitch Saree With Swan Motif', 0);
insert into public.product_images (product_id, url, alt_text, position) values ((select id from public.products where handle = 'green-blended-silk-kantha'), 'https://cdn.shopify.com/s/files/1/0800/5258/4666/files/GreenBlendedSilkKantha0.png?v=1767666128', 'Green Blended Silk Kantha Stitch Saree With Swan Motif', 1);
insert into public.product_images (product_id, url, alt_text, position) values ((select id from public.products where handle = 'green-blended-silk-kantha'), 'https://cdn.shopify.com/s/files/1/0800/5258/4666/files/GreenBlendedSilkKantha2.png?v=1767666128', 'Green Blended Silk Kantha Stitch Saree With Swan Motif', 2);
insert into public.product_images (product_id, url, alt_text, position) values ((select id from public.products where handle = 'green-blended-silk-kantha'), 'https://cdn.shopify.com/s/files/1/0800/5258/4666/files/7FBF77CA-5FAE-48C6-AB94-4DCC6A8C2E6D.jpg?v=1767666128', 'Green Blended Silk Kantha Stitch Saree With Swan Motif', 3);
insert into public.product_images (product_id, url, alt_text, position) values ((select id from public.products where handle = 'green-blended-silk-kantha'), 'https://cdn.shopify.com/s/files/1/0800/5258/4666/files/GreenBlendedSilkKantha3.jpg?v=1767666128', 'Green Blended Silk Kantha Stitch Saree With Swan Motif', 4);
insert into public.product_variants (product_id, sku, title, option1_name, option1_value, option2_name, option2_value, price, compare_at_price, inventory_qty, track_inventory, position) values ((select id from public.products where handle = 'green-blended-silk-kantha'), 'KSKAGN19', 'Default', null, null, null, null, 6600.00, null, 1, true, 0) on conflict (sku) do update set product_id = excluded.product_id, title = excluded.title, option1_name = excluded.option1_name, option1_value = excluded.option1_value, option2_name = excluded.option2_name, option2_value = excluded.option2_value, price = excluded.price, compare_at_price = excluded.compare_at_price, inventory_qty = excluded.inventory_qty, track_inventory = excluded.track_inventory, position = excluded.position;

-- brown-tussar-baluchari
insert into public.products (handle, title, description, short_description, category_id, fabric, technique, color, has_blouse_piece, status, price, compare_at_price, seo_title, seo_description, tags)
values ('brown-tussar-baluchari', 'Brown Tussar Silk Baluchari Saree with Handwoven Motifs', '<p><span>Discover Korasutra’s Brown Tussar Silk Baluchari Saree with exquisite handwoven motifs. A timeless blend of tradition, elegance, and luxury craftsmanship.</span></p>
<p><span>Length 6.25 with blouse piece </span></p>', 'Discover Korasutra’s Brown Tussar Silk Baluchari Saree with exquisite handwoven motifs. A timeless blend of tradition, elegance, and luxury craftsmanship.

Length 6.25 with blouse ', (select id from public.categories where slug = 'sarees'), null, null, 'brown', true, 'active'::public.product_status, 14250.00, null, null, null, array[]::text[])
on conflict (handle) do update set title = excluded.title, description = excluded.description, short_description = excluded.short_description, category_id = excluded.category_id, fabric = excluded.fabric, technique = excluded.technique, color = excluded.color, has_blouse_piece = excluded.has_blouse_piece, status = excluded.status, price = excluded.price, compare_at_price = excluded.compare_at_price, seo_title = excluded.seo_title, seo_description = excluded.seo_description, tags = excluded.tags;
delete from public.product_images where product_id = (select id from public.products where handle = 'brown-tussar-baluchari');
insert into public.product_images (product_id, url, alt_text, position) values ((select id from public.products where handle = 'brown-tussar-baluchari'), 'https://cdn.shopify.com/s/files/1/0800/5258/4666/files/5C778505-3213-4F9C-8D0B-F7B4AAC96F01.png?v=1767670371', 'Brown Tussar Silk Baluchari Saree with Handwoven Motifs', 0);
insert into public.product_images (product_id, url, alt_text, position) values ((select id from public.products where handle = 'brown-tussar-baluchari'), 'https://cdn.shopify.com/s/files/1/0800/5258/4666/files/Brown_Tussar_Baluchari-0.png?v=1767670371', 'Brown Tussar Silk Baluchari Saree with Handwoven Motifs', 1);
insert into public.product_images (product_id, url, alt_text, position) values ((select id from public.products where handle = 'brown-tussar-baluchari'), 'https://cdn.shopify.com/s/files/1/0800/5258/4666/files/48861E10-3596-471F-A876-AB3305530B6F.png?v=1767670371', 'Brown Tussar Silk Baluchari Saree with Handwoven Motifs', 2);
insert into public.product_images (product_id, url, alt_text, position) values ((select id from public.products where handle = 'brown-tussar-baluchari'), 'https://cdn.shopify.com/s/files/1/0800/5258/4666/files/Brown_Tussar_Baluchari_1.jpg?v=1767523343', 'Brown Tussar Silk Baluchari Saree with Handwoven Motifs', 3);
insert into public.product_images (product_id, url, alt_text, position) values ((select id from public.products where handle = 'brown-tussar-baluchari'), 'https://cdn.shopify.com/s/files/1/0800/5258/4666/files/Brown_Tussar_Baluchari_2.jpg?v=1767523343', 'Brown Tussar Silk Baluchari Saree with Handwoven Motifs', 4);
insert into public.product_variants (product_id, sku, title, option1_name, option1_value, option2_name, option2_value, price, compare_at_price, inventory_qty, track_inventory, position) values ((select id from public.products where handle = 'brown-tussar-baluchari'), 'KS-BROWN-TUSSAR-BALUCHARI-1', 'Default', null, null, null, null, 14250.00, null, 1, true, 0) on conflict (sku) do update set product_id = excluded.product_id, title = excluded.title, option1_name = excluded.option1_name, option1_value = excluded.option1_value, option2_name = excluded.option2_name, option2_value = excluded.option2_value, price = excluded.price, compare_at_price = excluded.compare_at_price, inventory_qty = excluded.inventory_qty, track_inventory = excluded.track_inventory, position = excluded.position;

-- black-tissue-tussar-jamdani
insert into public.products (handle, title, description, short_description, category_id, fabric, technique, color, has_blouse_piece, status, price, compare_at_price, seo_title, seo_description, tags)
values ('black-tissue-tussar-jamdani', 'Black Tissue Tussar Jamdani Saree With Lotus Needlework', '<p><span>Shop the Black Tissue Tussar Jamdani Saree with Lotus Needlework from Korasutra. Lightweight, elegant, and handcrafted, this saree features intricate Jamdani weaving and delicate lotus embroidery—perfect for festive occasions, weddings, and evening wear.</span></p>
<p><span>Length 6.5m with blouse piece </span></p>', 'Shop the Black Tissue Tussar Jamdani Saree with Lotus Needlework from Korasutra. Lightweight, elegant, and handcrafted, this saree features intricate Jamdani weaving and delicate l', (select id from public.categories where slug = 'sarees'), 'silk', null, 'black; floral', true, 'active'::public.product_status, 14499.00, null, null, null, array[]::text[])
on conflict (handle) do update set title = excluded.title, description = excluded.description, short_description = excluded.short_description, category_id = excluded.category_id, fabric = excluded.fabric, technique = excluded.technique, color = excluded.color, has_blouse_piece = excluded.has_blouse_piece, status = excluded.status, price = excluded.price, compare_at_price = excluded.compare_at_price, seo_title = excluded.seo_title, seo_description = excluded.seo_description, tags = excluded.tags;
delete from public.product_images where product_id = (select id from public.products where handle = 'black-tissue-tussar-jamdani');
insert into public.product_images (product_id, url, alt_text, position) values ((select id from public.products where handle = 'black-tissue-tussar-jamdani'), 'https://cdn.shopify.com/s/files/1/0800/5258/4666/files/F4A90C17-A097-4D34-B292-4B3832F7BCC0.png?v=1767523444', 'Black Tissue Tussar Jamdani Saree With Lotus Needlework', 0);
insert into public.product_images (product_id, url, alt_text, position) values ((select id from public.products where handle = 'black-tissue-tussar-jamdani'), 'https://cdn.shopify.com/s/files/1/0800/5258/4666/files/34D35BC2-9CA3-4EF3-AD34-F047BB18E268.png?v=1767523444', 'Black Tissue Tussar Jamdani Saree With Lotus Needlework', 1);
insert into public.product_images (product_id, url, alt_text, position) values ((select id from public.products where handle = 'black-tissue-tussar-jamdani'), 'https://cdn.shopify.com/s/files/1/0800/5258/4666/files/BlackTissueTussarJamdani_5.jpg?v=1767523444', 'Black Tissue Tussar Jamdani Saree With Lotus Needlework', 2);
insert into public.product_images (product_id, url, alt_text, position) values ((select id from public.products where handle = 'black-tissue-tussar-jamdani'), 'https://cdn.shopify.com/s/files/1/0800/5258/4666/files/BlackTissueTussarJamdani_1.jpg?v=1767523444', 'Black Tissue Tussar Jamdani Saree With Lotus Needlework', 3);
insert into public.product_images (product_id, url, alt_text, position) values ((select id from public.products where handle = 'black-tissue-tussar-jamdani'), 'https://cdn.shopify.com/s/files/1/0800/5258/4666/files/BlackTissueTussarJamdani_2.jpg?v=1767523444', 'Black Tissue Tussar Jamdani Saree With Lotus Needlework', 4);
insert into public.product_variants (product_id, sku, title, option1_name, option1_value, option2_name, option2_value, price, compare_at_price, inventory_qty, track_inventory, position) values ((select id from public.products where handle = 'black-tissue-tussar-jamdani'), 'KS-BLACK-TISSUE-TUSSAR-JAMDANI-1', 'Default', null, null, null, null, 14499.00, null, 1, true, 0) on conflict (sku) do update set product_id = excluded.product_id, title = excluded.title, option1_name = excluded.option1_name, option1_value = excluded.option1_value, option2_name = excluded.option2_name, option2_value = excluded.option2_value, price = excluded.price, compare_at_price = excluded.compare_at_price, inventory_qty = excluded.inventory_qty, track_inventory = excluded.track_inventory, position = excluded.position;

-- black-bishnupuri-silk-batik
insert into public.products (handle, title, description, short_description, category_id, fabric, technique, color, has_blouse_piece, status, price, compare_at_price, seo_title, seo_description, tags)
values ('black-bishnupuri-silk-batik', 'Black Pure Silk Batik Print Saree with Bird Motifs', '<p><span>Shop Black Pure Silk Batik Print Saree with Bird Motifs by Korasutra. Handcrafted batik detailing in premium silk—perfect for weddings, festivals, and luxury wear.</span></p>
<p><span>Length 6.5m with blouse piece</span></p>', 'Shop Black Pure Silk Batik Print Saree with Bird Motifs by Korasutra. Handcrafted batik detailing in premium silk—perfect for weddings, festivals, and luxury wear.

Length 6.5m wit', (select id from public.categories where slug = 'sarees'), null, null, 'black', true, 'active'::public.product_status, 7750.00, null, null, null, array[]::text[])
on conflict (handle) do update set title = excluded.title, description = excluded.description, short_description = excluded.short_description, category_id = excluded.category_id, fabric = excluded.fabric, technique = excluded.technique, color = excluded.color, has_blouse_piece = excluded.has_blouse_piece, status = excluded.status, price = excluded.price, compare_at_price = excluded.compare_at_price, seo_title = excluded.seo_title, seo_description = excluded.seo_description, tags = excluded.tags;
delete from public.product_images where product_id = (select id from public.products where handle = 'black-bishnupuri-silk-batik');
insert into public.product_images (product_id, url, alt_text, position) values ((select id from public.products where handle = 'black-bishnupuri-silk-batik'), 'https://cdn.shopify.com/s/files/1/0800/5258/4666/files/120B7527-F607-40B0-9916-EF70E1FFCCF7.png?v=1767530272', 'Black Pure Silk Batik Print Saree with Bird Motifs', 0);
insert into public.product_images (product_id, url, alt_text, position) values ((select id from public.products where handle = 'black-bishnupuri-silk-batik'), 'https://cdn.shopify.com/s/files/1/0800/5258/4666/files/73066D47-B686-430E-92FB-1480BF05F586.jpg?v=1767530272', 'Black Pure Silk Batik Print Saree with Bird Motifs', 1);
insert into public.product_images (product_id, url, alt_text, position) values ((select id from public.products where handle = 'black-bishnupuri-silk-batik'), 'https://cdn.shopify.com/s/files/1/0800/5258/4666/files/13E1BD77-BF0D-442E-9F18-6B983FA3BC7F.jpg?v=1767585534', 'Black Pure Silk Batik Print Saree with Bird Motifs', 2);
insert into public.product_images (product_id, url, alt_text, position) values ((select id from public.products where handle = 'black-bishnupuri-silk-batik'), 'https://cdn.shopify.com/s/files/1/0800/5258/4666/files/BlackBishnupuriSilkBatik_5.jpg?v=1767585534', 'Black Pure Silk Batik Print Saree with Bird Motifs', 3);
insert into public.product_images (product_id, url, alt_text, position) values ((select id from public.products where handle = 'black-bishnupuri-silk-batik'), 'https://cdn.shopify.com/s/files/1/0800/5258/4666/files/BlackBishnupuriSilkBatik_2.jpg?v=1767585534', 'Black Pure Silk Batik Print Saree with Bird Motifs', 4);
insert into public.product_variants (product_id, sku, title, option1_name, option1_value, option2_name, option2_value, price, compare_at_price, inventory_qty, track_inventory, position) values ((select id from public.products where handle = 'black-bishnupuri-silk-batik'), 'KS-BLACK-BISHNUPURI-SILK-BATIK-1', 'Default', null, null, null, null, 7750.00, null, 0, true, 0) on conflict (sku) do update set product_id = excluded.product_id, title = excluded.title, option1_name = excluded.option1_name, option1_value = excluded.option1_value, option2_name = excluded.option2_name, option2_value = excluded.option2_value, price = excluded.price, compare_at_price = excluded.compare_at_price, inventory_qty = excluded.inventory_qty, track_inventory = excluded.track_inventory, position = excluded.position;
commit;

